timestamp,zcta,positive,total
2020-03-31T04:00:00Z,NA,32,36
2020-03-31T04:00:00Z,10001,113,265
2020-03-31T04:00:00Z,10002,250,542
2020-03-31T04:00:00Z,10003,161,379
2020-03-31T04:00:00Z,10004,16,38
2020-03-31T04:00:00Z,10005,25,81
2020-03-31T04:00:00Z,10006,6,24
2020-03-31T04:00:00Z,10007,26,67
2020-03-31T04:00:00Z,10009,181,450
2020-03-31T04:00:00Z,10010,101,282
2020-03-31T04:00:00Z,10011,222,487
2020-03-31T04:00:00Z,10012,68,183
2020-03-31T04:00:00Z,10013,122,255
2020-03-31T04:00:00Z,10014,140,305
2020-03-31T04:00:00Z,10016,288,581
2020-03-31T04:00:00Z,10017,45,138
2020-03-31T04:00:00Z,10018,66,151
2020-03-31T04:00:00Z,10019,187,451
2020-03-31T04:00:00Z,10021,211,562
2020-03-31T04:00:00Z,10022,123,339
2020-03-31T04:00:00Z,10023,190,503
2020-03-31T04:00:00Z,10024,204,641
2020-03-31T04:00:00Z,10025,252,754
2020-03-31T04:00:00Z,10026,126,300
2020-03-31T04:00:00Z,10027,170,422
2020-03-31T04:00:00Z,10028,189,476
2020-03-31T04:00:00Z,10029,290,668
2020-03-31T04:00:00Z,10030,106,204
2020-03-31T04:00:00Z,10031,217,405
2020-03-31T04:00:00Z,10032,308,548
2020-03-31T04:00:00Z,10033,264,495
2020-03-31T04:00:00Z,10034,108,262
2020-03-31T04:00:00Z,10035,147,345
2020-03-31T04:00:00Z,10036,116,275
2020-03-31T04:00:00Z,10037,109,204
2020-03-31T04:00:00Z,10038,76,167
2020-03-31T04:00:00Z,10039,116,226
2020-03-31T04:00:00Z,10040,208,356
2020-03-31T04:00:00Z,10044,49,116
2020-03-31T04:00:00Z,10065,121,385
2020-03-31T04:00:00Z,10069,24,57
2020-03-31T04:00:00Z,10075,160,371
2020-03-31T04:00:00Z,10128,212,596
2020-03-31T04:00:00Z,10280,17,50
2020-03-31T04:00:00Z,10282,21,42
2020-03-31T04:00:00Z,10301,175,333
2020-03-31T04:00:00Z,10302,61,137
2020-03-31T04:00:00Z,10303,106,221
2020-03-31T04:00:00Z,10304,289,540
2020-03-31T04:00:00Z,10305,178,428
2020-03-31T04:00:00Z,10306,278,632
2020-03-31T04:00:00Z,10307,67,142
2020-03-31T04:00:00Z,10308,146,331
2020-03-31T04:00:00Z,10309,170,363
2020-03-31T04:00:00Z,10310,97,218
2020-03-31T04:00:00Z,10312,336,654
2020-03-31T04:00:00Z,10314,452,959
2020-03-31T04:00:00Z,10451,337,585
2020-03-31T04:00:00Z,10452,367,629
2020-03-31T04:00:00Z,10453,386,663
2020-03-31T04:00:00Z,10454,174,343
2020-03-31T04:00:00Z,10455,176,351
2020-03-31T04:00:00Z,10456,355,693
2020-03-31T04:00:00Z,10457,306,571
2020-03-31T04:00:00Z,10458,332,622
2020-03-31T04:00:00Z,10459,227,423
2020-03-31T04:00:00Z,10460,255,484
2020-03-31T04:00:00Z,10461,376,714
2020-03-31T04:00:00Z,10462,377,768
2020-03-31T04:00:00Z,10463,253,654
2020-03-31T04:00:00Z,10464,25,65
2020-03-31T04:00:00Z,10465,267,596
2020-03-31T04:00:00Z,10466,362,666
2020-03-31T04:00:00Z,10467,638,1134
2020-03-31T04:00:00Z,10468,397,624
2020-03-31T04:00:00Z,10469,470,815
2020-03-31T04:00:00Z,10470,83,157
2020-03-31T04:00:00Z,10471,104,297
2020-03-31T04:00:00Z,10472,302,528
2020-03-31T04:00:00Z,10473,304,556
2020-03-31T04:00:00Z,10474,55,97
2020-03-31T04:00:00Z,10475,255,446
2020-03-31T04:00:00Z,11429,163,265
2020-03-31T04:00:00Z,11004,121,204
2020-03-31T04:00:00Z,11101,148,320
2020-03-31T04:00:00Z,11102,105,231
2020-03-31T04:00:00Z,11103,104,203
2020-03-31T04:00:00Z,11104,85,155
2020-03-31T04:00:00Z,11105,104,242
2020-03-31T04:00:00Z,11106,144,290
2020-03-31T04:00:00Z,11109,13,45
2020-03-31T04:00:00Z,11201,204,479
2020-03-31T04:00:00Z,11203,343,546
2020-03-31T04:00:00Z,11204,534,932
2020-03-31T04:00:00Z,11205,182,319
2020-03-31T04:00:00Z,11206,329,572
2020-03-31T04:00:00Z,11207,332,587
2020-03-31T04:00:00Z,11208,350,561
2020-03-31T04:00:00Z,11209,209,452
2020-03-31T04:00:00Z,11210,386,671
2020-03-31T04:00:00Z,11211,601,961
2020-03-31T04:00:00Z,11212,254,445
2020-03-31T04:00:00Z,11213,394,621
2020-03-31T04:00:00Z,11214,251,544
2020-03-31T04:00:00Z,11215,178,437
2020-03-31T04:00:00Z,11216,162,316
2020-03-31T04:00:00Z,11217,130,269
2020-03-31T04:00:00Z,11218,350,613
2020-03-31T04:00:00Z,11219,771,1146
2020-03-31T04:00:00Z,11220,264,459
2020-03-31T04:00:00Z,11221,260,455
2020-03-31T04:00:00Z,11222,96,236
2020-03-31T04:00:00Z,11223,346,642
2020-03-31T04:00:00Z,11224,133,304
2020-03-31T04:00:00Z,11225,267,427
2020-03-31T04:00:00Z,11226,344,600
2020-03-31T04:00:00Z,11228,101,222
2020-03-31T04:00:00Z,11229,316,640
2020-03-31T04:00:00Z,11230,631,1046
2020-03-31T04:00:00Z,11231,127,271
2020-03-31T04:00:00Z,11232,85,150
2020-03-31T04:00:00Z,11233,225,383
2020-03-31T04:00:00Z,11234,364,713
2020-03-31T04:00:00Z,11235,348,684
2020-03-31T04:00:00Z,11236,416,701
2020-03-31T04:00:00Z,11237,184,288
2020-03-31T04:00:00Z,11238,183,350
2020-03-31T04:00:00Z,11239,85,129
2020-03-31T04:00:00Z,11357,162,320
2020-03-31T04:00:00Z,11354,134,272
2020-03-31T04:00:00Z,11355,213,364
2020-03-31T04:00:00Z,11356,110,226
2020-03-31T04:00:00Z,11358,119,248
2020-03-31T04:00:00Z,11360,59,153
2020-03-31T04:00:00Z,11361,85,188
2020-03-31T04:00:00Z,11362,64,143
2020-03-31T04:00:00Z,11363,27,65
2020-03-31T04:00:00Z,11364,113,220
2020-03-31T04:00:00Z,11365,166,312
2020-03-31T04:00:00Z,11366,106,183
2020-03-31T04:00:00Z,11367,318,511
2020-03-31T04:00:00Z,11368,947,1227
2020-03-31T04:00:00Z,11369,331,454
2020-03-31T04:00:00Z,11370,378,777
2020-03-31T04:00:00Z,11372,492,693
2020-03-31T04:00:00Z,11373,831,1148
2020-03-31T04:00:00Z,11374,319,535
2020-03-31T04:00:00Z,11375,418,838
2020-03-31T04:00:00Z,11377,364,628
2020-03-31T04:00:00Z,11378,156,285
2020-03-31T04:00:00Z,11379,195,360
2020-03-31T04:00:00Z,11385,425,759
2020-03-31T04:00:00Z,11411,151,221
2020-03-31T04:00:00Z,11412,245,410
2020-03-31T04:00:00Z,11413,261,432
2020-03-31T04:00:00Z,11414,162,321
2020-03-31T04:00:00Z,11415,149,243
2020-03-31T04:00:00Z,11416,117,185
2020-03-31T04:00:00Z,11417,173,291
2020-03-31T04:00:00Z,11418,216,363
2020-03-31T04:00:00Z,11419,182,334
2020-03-31T04:00:00Z,11420,223,390
2020-03-31T04:00:00Z,11421,202,352
2020-03-31T04:00:00Z,11422,211,341
2020-03-31T04:00:00Z,11423,164,270
2020-03-31T04:00:00Z,11426,101,202
2020-03-31T04:00:00Z,11427,181,323
2020-03-31T04:00:00Z,11428,112,171
2020-03-31T04:00:00Z,11434,358,555
2020-03-31T04:00:00Z,11432,405,613
2020-03-31T04:00:00Z,11433,155,250
2020-03-31T04:00:00Z,11435,293,517
2020-03-31T04:00:00Z,11436,100,155
2020-03-31T04:00:00Z,11691,436,694
2020-03-31T04:00:00Z,11692,110,184
2020-03-31T04:00:00Z,11693,86,144
2020-03-31T04:00:00Z,11694,143,270
2020-03-31T04:00:00Z,11697,25,62
2020-04-03T04:00:00Z,NA,4473,4477
2020-04-03T04:00:00Z,10001,136,304
2020-04-03T04:00:00Z,10002,317,651
2020-04-03T04:00:00Z,10003,191,438
2020-04-03T04:00:00Z,10004,19,42
2020-04-03T04:00:00Z,10005,28,94
2020-04-03T04:00:00Z,10006,7,26
2020-04-03T04:00:00Z,10007,28,75
2020-04-03T04:00:00Z,10009,236,548
2020-04-03T04:00:00Z,10010,118,336
2020-04-03T04:00:00Z,10011,255,549
2020-04-03T04:00:00Z,10012,77,209
2020-04-03T04:00:00Z,10013,120,265
2020-04-03T04:00:00Z,10014,163,347
2020-04-03T04:00:00Z,10016,295,661
2020-04-03T04:00:00Z,10017,59,173
2020-04-03T04:00:00Z,10018,97,211
2020-04-03T04:00:00Z,10019,226,520
2020-04-03T04:00:00Z,10021,258,672
2020-04-03T04:00:00Z,10022,148,400
2020-04-03T04:00:00Z,10023,231,583
2020-04-03T04:00:00Z,10024,255,731
2020-04-03T04:00:00Z,10025,327,892
2020-04-03T04:00:00Z,10026,166,363
2020-04-03T04:00:00Z,10027,224,504
2020-04-03T04:00:00Z,10028,220,550
2020-04-03T04:00:00Z,10029,373,807
2020-04-03T04:00:00Z,10030,135,247
2020-04-03T04:00:00Z,10031,288,498
2020-04-03T04:00:00Z,10032,389,670
2020-04-03T04:00:00Z,10033,342,593
2020-04-03T04:00:00Z,10034,152,325
2020-04-03T04:00:00Z,10035,216,452
2020-04-03T04:00:00Z,10036,150,331
2020-04-03T04:00:00Z,10037,101,206
2020-04-03T04:00:00Z,10038,93,198
2020-04-03T04:00:00Z,10039,141,271
2020-04-03T04:00:00Z,10040,256,431
2020-04-03T04:00:00Z,10044,59,135
2020-04-03T04:00:00Z,10065,158,460
2020-04-03T04:00:00Z,10069,29,69
2020-04-03T04:00:00Z,10075,188,417
2020-04-03T04:00:00Z,10128,267,690
2020-04-03T04:00:00Z,10280,19,58
2020-04-03T04:00:00Z,10282,28,53
2020-04-03T04:00:00Z,10301,235,423
2020-04-03T04:00:00Z,10302,94,187
2020-04-03T04:00:00Z,10303,144,292
2020-04-03T04:00:00Z,10304,376,667
2020-04-03T04:00:00Z,10305,258,561
2020-04-03T04:00:00Z,10306,351,765
2020-04-03T04:00:00Z,10307,93,186
2020-04-03T04:00:00Z,10308,184,407
2020-04-03T04:00:00Z,10309,215,453
2020-04-03T04:00:00Z,10310,129,269
2020-04-03T04:00:00Z,10312,418,802
2020-04-03T04:00:00Z,10314,619,1218
2020-04-03T04:00:00Z,10451,336,623
2020-04-03T04:00:00Z,10452,509,824
2020-04-03T04:00:00Z,10453,527,845
2020-04-03T04:00:00Z,10454,245,441
2020-04-03T04:00:00Z,10455,233,432
2020-04-03T04:00:00Z,10456,500,886
2020-04-03T04:00:00Z,10457,427,743
2020-04-03T04:00:00Z,10458,453,800
2020-04-03T04:00:00Z,10459,309,534
2020-04-03T04:00:00Z,10460,344,622
2020-04-03T04:00:00Z,10461,444,846
2020-04-03T04:00:00Z,10462,544,1015
2020-04-03T04:00:00Z,10463,327,780
2020-04-03T04:00:00Z,10464,30,72
2020-04-03T04:00:00Z,10465,389,805
2020-04-03T04:00:00Z,10466,510,889
2020-04-03T04:00:00Z,10467,836,1446
2020-04-03T04:00:00Z,10468,529,796
2020-04-03T04:00:00Z,10469,683,1119
2020-04-03T04:00:00Z,10470,108,202
2020-04-03T04:00:00Z,10471,130,343
2020-04-03T04:00:00Z,10472,417,680
2020-04-03T04:00:00Z,10473,437,760
2020-04-03T04:00:00Z,10474,71,120
2020-04-03T04:00:00Z,10475,360,607
2020-04-03T04:00:00Z,11429,274,393
2020-04-03T04:00:00Z,11004,173,277
2020-04-03T04:00:00Z,11101,201,417
2020-04-03T04:00:00Z,11102,153,296
2020-04-03T04:00:00Z,11103,140,264
2020-04-03T04:00:00Z,11104,136,234
2020-04-03T04:00:00Z,11105,136,301
2020-04-03T04:00:00Z,11106,182,354
2020-04-03T04:00:00Z,11109,23,68
2020-04-03T04:00:00Z,11201,236,546
2020-04-03T04:00:00Z,11203,466,737
2020-04-03T04:00:00Z,11204,712,1171
2020-04-03T04:00:00Z,11205,242,412
2020-04-03T04:00:00Z,11206,411,716
2020-04-03T04:00:00Z,11207,479,798
2020-04-03T04:00:00Z,11208,520,794
2020-04-03T04:00:00Z,11209,292,606
2020-04-03T04:00:00Z,11210,524,859
2020-04-03T04:00:00Z,11211,788,1225
2020-04-03T04:00:00Z,11212,395,632
2020-04-03T04:00:00Z,11213,498,772
2020-04-03T04:00:00Z,11214,347,691
2020-04-03T04:00:00Z,11215,203,493
2020-04-03T04:00:00Z,11216,210,396
2020-04-03T04:00:00Z,11217,161,321
2020-04-03T04:00:00Z,11218,499,856
2020-04-03T04:00:00Z,11219,1037,1487
2020-04-03T04:00:00Z,11220,402,654
2020-04-03T04:00:00Z,11221,335,566
2020-04-03T04:00:00Z,11222,131,291
2020-04-03T04:00:00Z,11223,474,858
2020-04-03T04:00:00Z,11224,195,392
2020-04-03T04:00:00Z,11225,353,539
2020-04-03T04:00:00Z,11226,485,786
2020-04-03T04:00:00Z,11228,158,300
2020-04-03T04:00:00Z,11229,423,812
2020-04-03T04:00:00Z,11230,848,1334
2020-04-03T04:00:00Z,11231,154,317
2020-04-03T04:00:00Z,11232,141,222
2020-04-03T04:00:00Z,11233,302,493
2020-04-03T04:00:00Z,11234,531,937
2020-04-03T04:00:00Z,11235,421,841
2020-04-03T04:00:00Z,11236,618,979
2020-04-03T04:00:00Z,11237,235,352
2020-04-03T04:00:00Z,11238,253,465
2020-04-03T04:00:00Z,11239,128,187
2020-04-03T04:00:00Z,11357,230,429
2020-04-03T04:00:00Z,11355,308,496
2020-04-03T04:00:00Z,11354,205,368
2020-04-03T04:00:00Z,11356,151,288
2020-04-03T04:00:00Z,11358,158,320
2020-04-03T04:00:00Z,11360,86,197
2020-04-03T04:00:00Z,11361,118,229
2020-04-03T04:00:00Z,11362,88,193
2020-04-03T04:00:00Z,11363,33,77
2020-04-03T04:00:00Z,11364,149,277
2020-04-03T04:00:00Z,11365,229,418
2020-04-03T04:00:00Z,11366,152,248
2020-04-03T04:00:00Z,11367,403,631
2020-04-03T04:00:00Z,11368,1245,1605
2020-04-03T04:00:00Z,11369,464,623
2020-04-03T04:00:00Z,11370,510,932
2020-04-03T04:00:00Z,11372,697,963
2020-04-03T04:00:00Z,11373,841,1229
2020-04-03T04:00:00Z,11374,419,686
2020-04-03T04:00:00Z,11375,559,1048
2020-04-03T04:00:00Z,11377,515,831
2020-04-03T04:00:00Z,11378,198,353
2020-04-03T04:00:00Z,11379,252,456
2020-04-03T04:00:00Z,11385,606,1021
2020-04-03T04:00:00Z,11411,213,303
2020-04-03T04:00:00Z,11412,348,554
2020-04-03T04:00:00Z,11413,393,618
2020-04-03T04:00:00Z,11414,220,401
2020-04-03T04:00:00Z,11415,185,313
2020-04-03T04:00:00Z,11416,161,248
2020-04-03T04:00:00Z,11417,230,381
2020-04-03T04:00:00Z,11418,293,474
2020-04-03T04:00:00Z,11419,261,450
2020-04-03T04:00:00Z,11420,339,565
2020-04-03T04:00:00Z,11421,280,452
2020-04-03T04:00:00Z,11422,303,470
2020-04-03T04:00:00Z,11423,248,382
2020-04-03T04:00:00Z,11426,141,267
2020-04-03T04:00:00Z,11427,233,400
2020-04-03T04:00:00Z,11428,167,252
2020-04-03T04:00:00Z,11434,536,803
2020-04-03T04:00:00Z,11432,448,711
2020-04-03T04:00:00Z,11433,226,344
2020-04-03T04:00:00Z,11435,409,684
2020-04-03T04:00:00Z,11436,137,205
2020-04-03T04:00:00Z,11691,616,926
2020-04-03T04:00:00Z,11692,155,246
2020-04-03T04:00:00Z,11693,116,189
2020-04-03T04:00:00Z,11694,188,349
2020-04-03T04:00:00Z,11697,30,71
2020-04-04T04:00:00Z,NA,4530,4534
2020-04-04T04:00:00Z,10001,146,321
2020-04-04T04:00:00Z,10002,341,684
2020-04-04T04:00:00Z,10003,198,464
2020-04-04T04:00:00Z,10004,20,45
2020-04-04T04:00:00Z,10005,28,95
2020-04-04T04:00:00Z,10006,7,28
2020-04-04T04:00:00Z,10007,29,78
2020-04-04T04:00:00Z,10009,253,581
2020-04-04T04:00:00Z,10010,119,344
2020-04-04T04:00:00Z,10011,267,576
2020-04-04T04:00:00Z,10012,80,217
2020-04-04T04:00:00Z,10013,122,271
2020-04-04T04:00:00Z,10014,168,357
2020-04-04T04:00:00Z,10016,311,700
2020-04-04T04:00:00Z,10017,63,183
2020-04-04T04:00:00Z,10018,103,225
2020-04-04T04:00:00Z,10019,237,542
2020-04-04T04:00:00Z,10021,271,705
2020-04-04T04:00:00Z,10022,157,417
2020-04-04T04:00:00Z,10023,245,621
2020-04-04T04:00:00Z,10024,270,756
2020-04-04T04:00:00Z,10025,357,946
2020-04-04T04:00:00Z,10026,188,395
2020-04-04T04:00:00Z,10027,250,540
2020-04-04T04:00:00Z,10028,229,571
2020-04-04T04:00:00Z,10029,421,882
2020-04-04T04:00:00Z,10030,149,267
2020-04-04T04:00:00Z,10031,314,541
2020-04-04T04:00:00Z,10032,431,724
2020-04-04T04:00:00Z,10033,366,626
2020-04-04T04:00:00Z,10034,169,350
2020-04-04T04:00:00Z,10035,233,483
2020-04-04T04:00:00Z,10036,157,346
2020-04-04T04:00:00Z,10037,108,222
2020-04-04T04:00:00Z,10038,97,211
2020-04-04T04:00:00Z,10039,147,287
2020-04-04T04:00:00Z,10040,278,462
2020-04-04T04:00:00Z,10044,63,146
2020-04-04T04:00:00Z,10065,166,487
2020-04-04T04:00:00Z,10069,29,70
2020-04-04T04:00:00Z,10075,195,433
2020-04-04T04:00:00Z,10128,275,718
2020-04-04T04:00:00Z,10280,19,59
2020-04-04T04:00:00Z,10282,30,58
2020-04-04T04:00:00Z,10301,253,459
2020-04-04T04:00:00Z,10302,103,205
2020-04-04T04:00:00Z,10303,159,322
2020-04-04T04:00:00Z,10304,397,717
2020-04-04T04:00:00Z,10305,280,607
2020-04-04T04:00:00Z,10306,365,808
2020-04-04T04:00:00Z,10307,99,202
2020-04-04T04:00:00Z,10308,197,438
2020-04-04T04:00:00Z,10309,230,483
2020-04-04T04:00:00Z,10310,142,300
2020-04-04T04:00:00Z,10312,442,856
2020-04-04T04:00:00Z,10314,663,1314
2020-04-04T04:00:00Z,10451,370,665
2020-04-04T04:00:00Z,10452,542,877
2020-04-04T04:00:00Z,10453,573,917
2020-04-04T04:00:00Z,10454,273,475
2020-04-04T04:00:00Z,10455,257,469
2020-04-04T04:00:00Z,10456,548,958
2020-04-04T04:00:00Z,10457,483,814
2020-04-04T04:00:00Z,10458,495,862
2020-04-04T04:00:00Z,10459,340,574
2020-04-04T04:00:00Z,10460,371,661
2020-04-04T04:00:00Z,10461,496,923
2020-04-04T04:00:00Z,10462,597,1096
2020-04-04T04:00:00Z,10463,367,852
2020-04-04T04:00:00Z,10464,30,78
2020-04-04T04:00:00Z,10465,426,885
2020-04-04T04:00:00Z,10466,548,950
2020-04-04T04:00:00Z,10467,889,1531
2020-04-04T04:00:00Z,10468,585,879
2020-04-04T04:00:00Z,10469,755,1231
2020-04-04T04:00:00Z,10470,111,211
2020-04-04T04:00:00Z,10471,136,356
2020-04-04T04:00:00Z,10472,448,728
2020-04-04T04:00:00Z,10473,472,821
2020-04-04T04:00:00Z,10474,77,130
2020-04-04T04:00:00Z,10475,394,659
2020-04-04T04:00:00Z,11429,296,424
2020-04-04T04:00:00Z,11004,194,307
2020-04-04T04:00:00Z,11101,214,439
2020-04-04T04:00:00Z,11102,166,318
2020-04-04T04:00:00Z,11103,152,283
2020-04-04T04:00:00Z,11104,152,259
2020-04-04T04:00:00Z,11105,157,328
2020-04-04T04:00:00Z,11106,194,382
2020-04-04T04:00:00Z,11109,24,70
2020-04-04T04:00:00Z,11201,249,578
2020-04-04T04:00:00Z,11203,499,790
2020-04-04T04:00:00Z,11204,746,1234
2020-04-04T04:00:00Z,11205,254,433
2020-04-04T04:00:00Z,11206,444,766
2020-04-04T04:00:00Z,11207,524,859
2020-04-04T04:00:00Z,11208,571,868
2020-04-04T04:00:00Z,11209,321,664
2020-04-04T04:00:00Z,11210,554,900
2020-04-04T04:00:00Z,11211,829,1285
2020-04-04T04:00:00Z,11212,434,690
2020-04-04T04:00:00Z,11213,520,816
2020-04-04T04:00:00Z,11214,369,745
2020-04-04T04:00:00Z,11215,217,524
2020-04-04T04:00:00Z,11216,222,422
2020-04-04T04:00:00Z,11217,177,340
2020-04-04T04:00:00Z,11218,542,927
2020-04-04T04:00:00Z,11219,1088,1565
2020-04-04T04:00:00Z,11220,440,712
2020-04-04T04:00:00Z,11221,358,602
2020-04-04T04:00:00Z,11222,140,314
2020-04-04T04:00:00Z,11223,508,925
2020-04-04T04:00:00Z,11224,210,412
2020-04-04T04:00:00Z,11225,376,572
2020-04-04T04:00:00Z,11226,523,844
2020-04-04T04:00:00Z,11228,169,324
2020-04-04T04:00:00Z,11229,445,847
2020-04-04T04:00:00Z,11230,903,1414
2020-04-04T04:00:00Z,11231,161,330
2020-04-04T04:00:00Z,11232,155,244
2020-04-04T04:00:00Z,11233,325,524
2020-04-04T04:00:00Z,11234,574,1007
2020-04-04T04:00:00Z,11235,459,908
2020-04-04T04:00:00Z,11236,676,1070
2020-04-04T04:00:00Z,11237,258,383
2020-04-04T04:00:00Z,11238,272,496
2020-04-04T04:00:00Z,11239,137,203
2020-04-04T04:00:00Z,11357,240,456
2020-04-04T04:00:00Z,11355,333,543
2020-04-04T04:00:00Z,11354,232,410
2020-04-04T04:00:00Z,11356,160,306
2020-04-04T04:00:00Z,11358,163,339
2020-04-04T04:00:00Z,11360,94,220
2020-04-04T04:00:00Z,11361,130,248
2020-04-04T04:00:00Z,11362,88,202
2020-04-04T04:00:00Z,11363,38,85
2020-04-04T04:00:00Z,11364,158,297
2020-04-04T04:00:00Z,11365,248,454
2020-04-04T04:00:00Z,11366,165,267
2020-04-04T04:00:00Z,11367,425,671
2020-04-04T04:00:00Z,11368,1337,1723
2020-04-04T04:00:00Z,11369,504,674
2020-04-04T04:00:00Z,11370,540,970
2020-04-04T04:00:00Z,11372,747,1026
2020-04-04T04:00:00Z,11373,903,1322
2020-04-04T04:00:00Z,11374,460,749
2020-04-04T04:00:00Z,11375,613,1138
2020-04-04T04:00:00Z,11377,563,900
2020-04-04T04:00:00Z,11378,219,383
2020-04-04T04:00:00Z,11379,260,476
2020-04-04T04:00:00Z,11385,639,1087
2020-04-04T04:00:00Z,11411,246,339
2020-04-04T04:00:00Z,11412,386,604
2020-04-04T04:00:00Z,11413,420,667
2020-04-04T04:00:00Z,11414,238,431
2020-04-04T04:00:00Z,11415,198,328
2020-04-04T04:00:00Z,11416,183,280
2020-04-04T04:00:00Z,11417,241,402
2020-04-04T04:00:00Z,11418,308,508
2020-04-04T04:00:00Z,11419,290,495
2020-04-04T04:00:00Z,11420,365,607
2020-04-04T04:00:00Z,11421,305,486
2020-04-04T04:00:00Z,11422,331,515
2020-04-04T04:00:00Z,11423,262,404
2020-04-04T04:00:00Z,11426,155,296
2020-04-04T04:00:00Z,11427,258,439
2020-04-04T04:00:00Z,11428,179,271
2020-04-04T04:00:00Z,11434,584,877
2020-04-04T04:00:00Z,11432,471,746
2020-04-04T04:00:00Z,11433,239,370
2020-04-04T04:00:00Z,11435,441,736
2020-04-04T04:00:00Z,11436,148,222
2020-04-04T04:00:00Z,11691,660,992
2020-04-04T04:00:00Z,11692,169,267
2020-04-04T04:00:00Z,11693,120,198
2020-04-04T04:00:00Z,11694,201,367
2020-04-04T04:00:00Z,11697,31,75
2020-04-05T04:00:00Z,NA,4712,4716
2020-04-05T04:00:00Z,10001,158,337
2020-04-05T04:00:00Z,10002,360,718
2020-04-05T04:00:00Z,10003,210,490
2020-04-05T04:00:00Z,10004,20,45
2020-04-05T04:00:00Z,10005,29,96
2020-04-05T04:00:00Z,10006,7,30
2020-04-05T04:00:00Z,10007,29,81
2020-04-05T04:00:00Z,10009,262,597
2020-04-05T04:00:00Z,10010,121,349
2020-04-05T04:00:00Z,10011,278,596
2020-04-05T04:00:00Z,10012,85,226
2020-04-05T04:00:00Z,10013,124,282
2020-04-05T04:00:00Z,10014,178,373
2020-04-05T04:00:00Z,10016,324,727
2020-04-05T04:00:00Z,10017,65,187
2020-04-05T04:00:00Z,10018,106,232
2020-04-05T04:00:00Z,10019,244,560
2020-04-05T04:00:00Z,10021,282,726
2020-04-05T04:00:00Z,10022,159,422
2020-04-05T04:00:00Z,10023,251,642
2020-04-05T04:00:00Z,10024,283,782
2020-04-05T04:00:00Z,10025,377,984
2020-04-05T04:00:00Z,10026,197,413
2020-04-05T04:00:00Z,10027,267,565
2020-04-05T04:00:00Z,10028,237,595
2020-04-05T04:00:00Z,10029,461,943
2020-04-05T04:00:00Z,10030,164,289
2020-04-05T04:00:00Z,10031,340,576
2020-04-05T04:00:00Z,10032,448,757
2020-04-05T04:00:00Z,10033,391,657
2020-04-05T04:00:00Z,10034,178,366
2020-04-05T04:00:00Z,10035,254,515
2020-04-05T04:00:00Z,10036,160,355
2020-04-05T04:00:00Z,10037,121,241
2020-04-05T04:00:00Z,10038,101,219
2020-04-05T04:00:00Z,10039,155,304
2020-04-05T04:00:00Z,10040,294,487
2020-04-05T04:00:00Z,10044,64,149
2020-04-05T04:00:00Z,10065,171,492
2020-04-05T04:00:00Z,10069,29,72
2020-04-05T04:00:00Z,10075,204,452
2020-04-05T04:00:00Z,10128,281,737
2020-04-05T04:00:00Z,10280,20,61
2020-04-05T04:00:00Z,10282,32,61
2020-04-05T04:00:00Z,10301,278,501
2020-04-05T04:00:00Z,10302,120,230
2020-04-05T04:00:00Z,10303,174,353
2020-04-05T04:00:00Z,10304,419,763
2020-04-05T04:00:00Z,10305,298,652
2020-04-05T04:00:00Z,10306,404,884
2020-04-05T04:00:00Z,10307,109,217
2020-04-05T04:00:00Z,10308,214,474
2020-04-05T04:00:00Z,10309,246,522
2020-04-05T04:00:00Z,10310,161,336
2020-04-05T04:00:00Z,10312,462,916
2020-04-05T04:00:00Z,10314,712,1408
2020-04-05T04:00:00Z,10451,392,701
2020-04-05T04:00:00Z,10452,584,942
2020-04-05T04:00:00Z,10453,619,983
2020-04-05T04:00:00Z,10454,294,498
2020-04-05T04:00:00Z,10455,274,495
2020-04-05T04:00:00Z,10456,619,1054
2020-04-05T04:00:00Z,10457,533,879
2020-04-05T04:00:00Z,10458,541,933
2020-04-05T04:00:00Z,10459,363,618
2020-04-05T04:00:00Z,10460,397,697
2020-04-05T04:00:00Z,10461,536,993
2020-04-05T04:00:00Z,10462,632,1160
2020-04-05T04:00:00Z,10463,402,909
2020-04-05T04:00:00Z,10464,35,95
2020-04-05T04:00:00Z,10465,461,960
2020-04-05T04:00:00Z,10466,588,1013
2020-04-05T04:00:00Z,10467,941,1625
2020-04-05T04:00:00Z,10468,625,939
2020-04-05T04:00:00Z,10469,795,1304
2020-04-05T04:00:00Z,10470,121,229
2020-04-05T04:00:00Z,10471,149,375
2020-04-05T04:00:00Z,10472,469,765
2020-04-05T04:00:00Z,10473,518,887
2020-04-05T04:00:00Z,10474,83,136
2020-04-05T04:00:00Z,10475,424,705
2020-04-05T04:00:00Z,11429,322,461
2020-04-05T04:00:00Z,11004,200,316
2020-04-05T04:00:00Z,11101,232,470
2020-04-05T04:00:00Z,11102,186,352
2020-04-05T04:00:00Z,11103,168,309
2020-04-05T04:00:00Z,11104,160,277
2020-04-05T04:00:00Z,11105,166,346
2020-04-05T04:00:00Z,11106,206,399
2020-04-05T04:00:00Z,11109,25,73
2020-04-05T04:00:00Z,11201,259,601
2020-04-05T04:00:00Z,11203,553,870
2020-04-05T04:00:00Z,11204,789,1298
2020-04-05T04:00:00Z,11205,270,462
2020-04-05T04:00:00Z,11206,477,816
2020-04-05T04:00:00Z,11207,554,911
2020-04-05T04:00:00Z,11208,608,923
2020-04-05T04:00:00Z,11209,348,718
2020-04-05T04:00:00Z,11210,583,953
2020-04-05T04:00:00Z,11211,859,1335
2020-04-05T04:00:00Z,11212,469,758
2020-04-05T04:00:00Z,11213,554,879
2020-04-05T04:00:00Z,11214,403,796
2020-04-05T04:00:00Z,11215,239,559
2020-04-05T04:00:00Z,11216,240,445
2020-04-05T04:00:00Z,11217,196,369
2020-04-05T04:00:00Z,11218,574,975
2020-04-05T04:00:00Z,11219,1136,1644
2020-04-05T04:00:00Z,11220,455,748
2020-04-05T04:00:00Z,11221,384,644
2020-04-05T04:00:00Z,11222,148,333
2020-04-05T04:00:00Z,11223,529,973
2020-04-05T04:00:00Z,11224,235,446
2020-04-05T04:00:00Z,11225,394,608
2020-04-05T04:00:00Z,11226,553,887
2020-04-05T04:00:00Z,11228,179,341
2020-04-05T04:00:00Z,11229,470,890
2020-04-05T04:00:00Z,11230,946,1487
2020-04-05T04:00:00Z,11231,169,351
2020-04-05T04:00:00Z,11232,169,264
2020-04-05T04:00:00Z,11233,356,576
2020-04-05T04:00:00Z,11234,624,1079
2020-04-05T04:00:00Z,11235,487,967
2020-04-05T04:00:00Z,11236,728,1153
2020-04-05T04:00:00Z,11237,274,408
2020-04-05T04:00:00Z,11238,283,514
2020-04-05T04:00:00Z,11239,157,228
2020-04-05T04:00:00Z,11357,260,483
2020-04-05T04:00:00Z,11355,365,588
2020-04-05T04:00:00Z,11354,257,439
2020-04-05T04:00:00Z,11356,177,331
2020-04-05T04:00:00Z,11358,172,358
2020-04-05T04:00:00Z,11360,97,230
2020-04-05T04:00:00Z,11361,145,270
2020-04-05T04:00:00Z,11362,91,211
2020-04-05T04:00:00Z,11363,42,93
2020-04-05T04:00:00Z,11364,164,312
2020-04-05T04:00:00Z,11365,268,490
2020-04-05T04:00:00Z,11366,176,282
2020-04-05T04:00:00Z,11367,447,706
2020-04-05T04:00:00Z,11368,1446,1861
2020-04-05T04:00:00Z,11369,547,728
2020-04-05T04:00:00Z,11370,573,1007
2020-04-05T04:00:00Z,11372,806,1102
2020-04-05T04:00:00Z,11373,983,1425
2020-04-05T04:00:00Z,11374,479,784
2020-04-05T04:00:00Z,11375,653,1203
2020-04-05T04:00:00Z,11377,620,972
2020-04-05T04:00:00Z,11378,232,412
2020-04-05T04:00:00Z,11379,276,504
2020-04-05T04:00:00Z,11385,668,1139
2020-04-05T04:00:00Z,11411,271,368
2020-04-05T04:00:00Z,11412,423,663
2020-04-05T04:00:00Z,11413,460,725
2020-04-05T04:00:00Z,11414,252,451
2020-04-05T04:00:00Z,11415,205,343
2020-04-05T04:00:00Z,11416,204,311
2020-04-05T04:00:00Z,11417,254,418
2020-04-05T04:00:00Z,11418,329,541
2020-04-05T04:00:00Z,11419,318,529
2020-04-05T04:00:00Z,11420,398,656
2020-04-05T04:00:00Z,11421,323,508
2020-04-05T04:00:00Z,11422,359,560
2020-04-05T04:00:00Z,11423,273,426
2020-04-05T04:00:00Z,11426,163,313
2020-04-05T04:00:00Z,11427,272,459
2020-04-05T04:00:00Z,11428,193,295
2020-04-05T04:00:00Z,11434,635,952
2020-04-05T04:00:00Z,11432,502,793
2020-04-05T04:00:00Z,11433,262,408
2020-04-05T04:00:00Z,11435,485,799
2020-04-05T04:00:00Z,11436,160,240
2020-04-05T04:00:00Z,11691,713,1071
2020-04-05T04:00:00Z,11692,182,289
2020-04-05T04:00:00Z,11693,131,214
2020-04-05T04:00:00Z,11694,226,397
2020-04-05T04:00:00Z,11697,34,80
2020-04-07T04:00:00Z,NA,4735,4842
2020-04-07T04:00:00Z,10001,170,364
2020-04-07T04:00:00Z,10002,405,792
2020-04-07T04:00:00Z,10003,230,543
2020-04-07T04:00:00Z,10004,20,45
2020-04-07T04:00:00Z,10005,32,103
2020-04-07T04:00:00Z,10006,8,33
2020-04-07T04:00:00Z,10007,30,86
2020-04-07T04:00:00Z,10009,298,662
2020-04-07T04:00:00Z,10010,133,377
2020-04-07T04:00:00Z,10011,308,640
2020-04-07T04:00:00Z,10012,86,241
2020-04-07T04:00:00Z,10013,131,301
2020-04-07T04:00:00Z,10014,186,391
2020-04-07T04:00:00Z,10016,344,814
2020-04-07T04:00:00Z,10017,74,212
2020-04-07T04:00:00Z,10018,116,251
2020-04-07T04:00:00Z,10019,264,616
2020-04-07T04:00:00Z,10021,295,771
2020-04-07T04:00:00Z,10022,174,461
2020-04-07T04:00:00Z,10023,269,695
2020-04-07T04:00:00Z,10024,307,841
2020-04-07T04:00:00Z,10025,433,1084
2020-04-07T04:00:00Z,10026,220,449
2020-04-07T04:00:00Z,10027,327,657
2020-04-07T04:00:00Z,10028,257,650
2020-04-07T04:00:00Z,10029,544,1070
2020-04-07T04:00:00Z,10030,186,329
2020-04-07T04:00:00Z,10031,407,670
2020-04-07T04:00:00Z,10032,508,857
2020-04-07T04:00:00Z,10033,439,730
2020-04-07T04:00:00Z,10034,212,416
2020-04-07T04:00:00Z,10035,301,580
2020-04-07T04:00:00Z,10036,189,404
2020-04-07T04:00:00Z,10037,146,282
2020-04-07T04:00:00Z,10038,114,238
2020-04-07T04:00:00Z,10039,178,340
2020-04-07T04:00:00Z,10040,329,543
2020-04-07T04:00:00Z,10044,68,155
2020-04-07T04:00:00Z,10065,182,520
2020-04-07T04:00:00Z,10069,32,81
2020-04-07T04:00:00Z,10075,226,488
2020-04-07T04:00:00Z,10128,306,801
2020-04-07T04:00:00Z,10280,23,66
2020-04-07T04:00:00Z,10282,36,65
2020-04-07T04:00:00Z,10301,324,592
2020-04-07T04:00:00Z,10302,156,297
2020-04-07T04:00:00Z,10303,229,448
2020-04-07T04:00:00Z,10304,482,899
2020-04-07T04:00:00Z,10305,369,798
2020-04-07T04:00:00Z,10306,479,1069
2020-04-07T04:00:00Z,10307,133,268
2020-04-07T04:00:00Z,10308,248,556
2020-04-07T04:00:00Z,10309,298,646
2020-04-07T04:00:00Z,10310,206,429
2020-04-07T04:00:00Z,10312,558,1104
2020-04-07T04:00:00Z,10314,839,1690
2020-04-07T04:00:00Z,10451,476,849
2020-04-07T04:00:00Z,10452,698,1107
2020-04-07T04:00:00Z,10453,734,1194
2020-04-07T04:00:00Z,10454,336,571
2020-04-07T04:00:00Z,10455,326,584
2020-04-07T04:00:00Z,10456,741,1253
2020-04-07T04:00:00Z,10457,644,1062
2020-04-07T04:00:00Z,10458,631,1114
2020-04-07T04:00:00Z,10459,440,764
2020-04-07T04:00:00Z,10460,467,831
2020-04-07T04:00:00Z,10461,653,1194
2020-04-07T04:00:00Z,10462,765,1387
2020-04-07T04:00:00Z,10463,486,1089
2020-04-07T04:00:00Z,10464,43,107
2020-04-07T04:00:00Z,10465,552,1129
2020-04-07T04:00:00Z,10466,737,1265
2020-04-07T04:00:00Z,10467,1142,1942
2020-04-07T04:00:00Z,10468,765,1174
2020-04-07T04:00:00Z,10469,925,1531
2020-04-07T04:00:00Z,10470,156,286
2020-04-07T04:00:00Z,10471,183,440
2020-04-07T04:00:00Z,10472,582,926
2020-04-07T04:00:00Z,10473,638,1101
2020-04-07T04:00:00Z,10474,97,157
2020-04-07T04:00:00Z,10475,520,887
2020-04-07T04:00:00Z,11429,381,542
2020-04-07T04:00:00Z,11004,239,367
2020-04-07T04:00:00Z,11101,258,520
2020-04-07T04:00:00Z,11102,214,404
2020-04-07T04:00:00Z,11103,190,350
2020-04-07T04:00:00Z,11104,178,308
2020-04-07T04:00:00Z,11105,186,377
2020-04-07T04:00:00Z,11106,234,457
2020-04-07T04:00:00Z,11109,29,80
2020-04-07T04:00:00Z,11201,285,700
2020-04-07T04:00:00Z,11203,642,1017
2020-04-07T04:00:00Z,11204,908,1456
2020-04-07T04:00:00Z,11205,317,581
2020-04-07T04:00:00Z,11206,536,945
2020-04-07T04:00:00Z,11207,658,1087
2020-04-07T04:00:00Z,11208,713,1100
2020-04-07T04:00:00Z,11209,419,848
2020-04-07T04:00:00Z,11210,663,1083
2020-04-07T04:00:00Z,11211,948,1490
2020-04-07T04:00:00Z,11212,584,920
2020-04-07T04:00:00Z,11213,615,1002
2020-04-07T04:00:00Z,11214,493,933
2020-04-07T04:00:00Z,11215,265,619
2020-04-07T04:00:00Z,11216,278,525
2020-04-07T04:00:00Z,11217,228,447
2020-04-07T04:00:00Z,11218,703,1186
2020-04-07T04:00:00Z,11219,1314,1908
2020-04-07T04:00:00Z,11220,556,893
2020-04-07T04:00:00Z,11221,462,779
2020-04-07T04:00:00Z,11222,177,392
2020-04-07T04:00:00Z,11223,618,1118
2020-04-07T04:00:00Z,11224,296,534
2020-04-07T04:00:00Z,11225,450,716
2020-04-07T04:00:00Z,11226,639,1032
2020-04-07T04:00:00Z,11228,229,421
2020-04-07T04:00:00Z,11229,565,1053
2020-04-07T04:00:00Z,11230,1054,1670
2020-04-07T04:00:00Z,11231,191,394
2020-04-07T04:00:00Z,11232,193,304
2020-04-07T04:00:00Z,11233,412,691
2020-04-07T04:00:00Z,11234,759,1287
2020-04-07T04:00:00Z,11235,588,1111
2020-04-07T04:00:00Z,11236,871,1376
2020-04-07T04:00:00Z,11237,320,485
2020-04-07T04:00:00Z,11238,339,611
2020-04-07T04:00:00Z,11239,172,267
2020-04-07T04:00:00Z,11357,323,570
2020-04-07T04:00:00Z,11355,412,653
2020-04-07T04:00:00Z,11354,297,508
2020-04-07T04:00:00Z,11356,205,378
2020-04-07T04:00:00Z,11358,205,407
2020-04-07T04:00:00Z,11360,118,265
2020-04-07T04:00:00Z,11361,178,318
2020-04-07T04:00:00Z,11362,124,257
2020-04-07T04:00:00Z,11363,52,114
2020-04-07T04:00:00Z,11364,196,360
2020-04-07T04:00:00Z,11365,313,557
2020-04-07T04:00:00Z,11366,196,314
2020-04-07T04:00:00Z,11367,485,776
2020-04-07T04:00:00Z,11368,1659,2132
2020-04-07T04:00:00Z,11369,608,813
2020-04-07T04:00:00Z,11370,633,1089
2020-04-07T04:00:00Z,11372,916,1268
2020-04-07T04:00:00Z,11373,1142,1663
2020-04-07T04:00:00Z,11374,523,876
2020-04-07T04:00:00Z,11375,744,1359
2020-04-07T04:00:00Z,11377,736,1141
2020-04-07T04:00:00Z,11378,263,463
2020-04-07T04:00:00Z,11379,317,576
2020-04-07T04:00:00Z,11385,767,1311
2020-04-07T04:00:00Z,11411,309,424
2020-04-07T04:00:00Z,11412,496,769
2020-04-07T04:00:00Z,11413,528,815
2020-04-07T04:00:00Z,11414,341,569
2020-04-07T04:00:00Z,11415,231,389
2020-04-07T04:00:00Z,11416,233,358
2020-04-07T04:00:00Z,11417,315,502
2020-04-07T04:00:00Z,11418,386,616
2020-04-07T04:00:00Z,11419,386,615
2020-04-07T04:00:00Z,11420,473,769
2020-04-07T04:00:00Z,11421,397,604
2020-04-07T04:00:00Z,11422,417,652
2020-04-07T04:00:00Z,11423,336,511
2020-04-07T04:00:00Z,11426,214,383
2020-04-07T04:00:00Z,11427,323,529
2020-04-07T04:00:00Z,11428,241,355
2020-04-07T04:00:00Z,11434,752,1139
2020-04-07T04:00:00Z,11432,590,911
2020-04-07T04:00:00Z,11433,308,481
2020-04-07T04:00:00Z,11435,550,917
2020-04-07T04:00:00Z,11436,186,280
2020-04-07T04:00:00Z,11691,822,1226
2020-04-07T04:00:00Z,11692,214,332
2020-04-07T04:00:00Z,11693,147,242
2020-04-07T04:00:00Z,11694,267,457
2020-04-07T04:00:00Z,11697,44,93
2020-04-08T04:00:00Z,NA,4691,4811
2020-04-08T04:00:00Z,99999,0,3
2020-04-08T04:00:00Z,10001,178,384
2020-04-08T04:00:00Z,10002,421,836
2020-04-08T04:00:00Z,10003,238,563
2020-04-08T04:00:00Z,10004,20,47
2020-04-08T04:00:00Z,10005,32,104
2020-04-08T04:00:00Z,10006,8,36
2020-04-08T04:00:00Z,10007,30,90
2020-04-08T04:00:00Z,10009,308,691
2020-04-08T04:00:00Z,10010,137,391
2020-04-08T04:00:00Z,10011,316,660
2020-04-08T04:00:00Z,10012,88,249
2020-04-08T04:00:00Z,10013,135,310
2020-04-08T04:00:00Z,10014,189,403
2020-04-08T04:00:00Z,10016,354,843
2020-04-08T04:00:00Z,10017,74,217
2020-04-08T04:00:00Z,10018,120,259
2020-04-08T04:00:00Z,10019,275,636
2020-04-08T04:00:00Z,10021,298,799
2020-04-08T04:00:00Z,10022,182,474
2020-04-08T04:00:00Z,10023,275,723
2020-04-08T04:00:00Z,10024,318,863
2020-04-08T04:00:00Z,10025,466,1142
2020-04-08T04:00:00Z,10026,231,470
2020-04-08T04:00:00Z,10027,346,696
2020-04-08T04:00:00Z,10028,264,667
2020-04-08T04:00:00Z,10029,576,1135
2020-04-08T04:00:00Z,10030,194,340
2020-04-08T04:00:00Z,10031,433,710
2020-04-08T04:00:00Z,10032,543,914
2020-04-08T04:00:00Z,10033,474,779
2020-04-08T04:00:00Z,10034,231,446
2020-04-08T04:00:00Z,10035,321,611
2020-04-08T04:00:00Z,10036,197,420
2020-04-08T04:00:00Z,10037,157,302
2020-04-08T04:00:00Z,10038,118,246
2020-04-08T04:00:00Z,10039,187,355
2020-04-08T04:00:00Z,10040,353,579
2020-04-08T04:00:00Z,10044,71,165
2020-04-08T04:00:00Z,10065,187,544
2020-04-08T04:00:00Z,10069,32,81
2020-04-08T04:00:00Z,10075,232,501
2020-04-08T04:00:00Z,10128,317,834
2020-04-08T04:00:00Z,10280,23,73
2020-04-08T04:00:00Z,10282,36,67
2020-04-08T04:00:00Z,10301,357,696
2020-04-08T04:00:00Z,10302,169,343
2020-04-08T04:00:00Z,10303,265,513
2020-04-08T04:00:00Z,10304,515,1010
2020-04-08T04:00:00Z,10305,410,948
2020-04-08T04:00:00Z,10306,513,1239
2020-04-08T04:00:00Z,10307,143,305
2020-04-08T04:00:00Z,10308,270,639
2020-04-08T04:00:00Z,10309,324,765
2020-04-08T04:00:00Z,10310,217,492
2020-04-08T04:00:00Z,10312,593,1253
2020-04-08T04:00:00Z,10314,902,1944
2020-04-08T04:00:00Z,10451,498,900
2020-04-08T04:00:00Z,10452,735,1179
2020-04-08T04:00:00Z,10453,790,1287
2020-04-08T04:00:00Z,10454,355,612
2020-04-08T04:00:00Z,10455,349,631
2020-04-08T04:00:00Z,10456,802,1353
2020-04-08T04:00:00Z,10457,679,1126
2020-04-08T04:00:00Z,10458,676,1219
2020-04-08T04:00:00Z,10459,482,839
2020-04-08T04:00:00Z,10460,500,905
2020-04-08T04:00:00Z,10461,687,1311
2020-04-08T04:00:00Z,10462,807,1509
2020-04-08T04:00:00Z,10463,536,1219
2020-04-08T04:00:00Z,10464,46,127
2020-04-08T04:00:00Z,10465,586,1225
2020-04-08T04:00:00Z,10466,792,1373
2020-04-08T04:00:00Z,10467,1209,2091
2020-04-08T04:00:00Z,10468,810,1272
2020-04-08T04:00:00Z,10469,988,1673
2020-04-08T04:00:00Z,10470,167,314
2020-04-08T04:00:00Z,10471,201,482
2020-04-08T04:00:00Z,10472,620,1000
2020-04-08T04:00:00Z,10473,693,1233
2020-04-08T04:00:00Z,10474,106,174
2020-04-08T04:00:00Z,10475,561,1002
2020-04-08T04:00:00Z,11429,402,573
2020-04-08T04:00:00Z,11004,250,391
2020-04-08T04:00:00Z,11101,265,537
2020-04-08T04:00:00Z,11102,235,431
2020-04-08T04:00:00Z,11103,212,391
2020-04-08T04:00:00Z,11104,186,324
2020-04-08T04:00:00Z,11105,194,401
2020-04-08T04:00:00Z,11106,248,479
2020-04-08T04:00:00Z,11109,30,82
2020-04-08T04:00:00Z,11201,293,737
2020-04-08T04:00:00Z,11203,676,1070
2020-04-08T04:00:00Z,11204,930,1505
2020-04-08T04:00:00Z,11205,330,606
2020-04-08T04:00:00Z,11206,556,987
2020-04-08T04:00:00Z,11207,684,1144
2020-04-08T04:00:00Z,11208,753,1168
2020-04-08T04:00:00Z,11209,440,905
2020-04-08T04:00:00Z,11210,699,1138
2020-04-08T04:00:00Z,11211,974,1535
2020-04-08T04:00:00Z,11212,613,968
2020-04-08T04:00:00Z,11213,633,1043
2020-04-08T04:00:00Z,11214,523,996
2020-04-08T04:00:00Z,11215,276,654
2020-04-08T04:00:00Z,11216,285,549
2020-04-08T04:00:00Z,11217,239,478
2020-04-08T04:00:00Z,11218,774,1299
2020-04-08T04:00:00Z,11219,1417,2067
2020-04-08T04:00:00Z,11220,585,959
2020-04-08T04:00:00Z,11221,477,809
2020-04-08T04:00:00Z,11222,181,414
2020-04-08T04:00:00Z,11223,651,1188
2020-04-08T04:00:00Z,11224,314,569
2020-04-08T04:00:00Z,11225,469,751
2020-04-08T04:00:00Z,11226,670,1090
2020-04-08T04:00:00Z,11228,250,454
2020-04-08T04:00:00Z,11229,603,1117
2020-04-08T04:00:00Z,11230,1089,1742
2020-04-08T04:00:00Z,11231,197,413
2020-04-08T04:00:00Z,11232,203,317
2020-04-08T04:00:00Z,11233,428,720
2020-04-08T04:00:00Z,11234,807,1384
2020-04-08T04:00:00Z,11235,630,1193
2020-04-08T04:00:00Z,11236,938,1470
2020-04-08T04:00:00Z,11237,334,509
2020-04-08T04:00:00Z,11238,350,636
2020-04-08T04:00:00Z,11239,179,281
2020-04-08T04:00:00Z,11357,336,604
2020-04-08T04:00:00Z,11355,426,681
2020-04-08T04:00:00Z,11354,324,546
2020-04-08T04:00:00Z,11356,209,391
2020-04-08T04:00:00Z,11358,211,429
2020-04-08T04:00:00Z,11360,123,283
2020-04-08T04:00:00Z,11361,185,339
2020-04-08T04:00:00Z,11362,127,266
2020-04-08T04:00:00Z,11363,55,116
2020-04-08T04:00:00Z,11364,200,375
2020-04-08T04:00:00Z,11365,326,588
2020-04-08T04:00:00Z,11366,199,322
2020-04-08T04:00:00Z,11367,498,811
2020-04-08T04:00:00Z,11368,1728,2231
2020-04-08T04:00:00Z,11369,632,853
2020-04-08T04:00:00Z,11370,654,1123
2020-04-08T04:00:00Z,11372,957,1326
2020-04-08T04:00:00Z,11373,1190,1732
2020-04-08T04:00:00Z,11374,546,922
2020-04-08T04:00:00Z,11375,777,1428
2020-04-08T04:00:00Z,11377,772,1209
2020-04-08T04:00:00Z,11378,274,491
2020-04-08T04:00:00Z,11379,326,605
2020-04-08T04:00:00Z,11385,804,1373
2020-04-08T04:00:00Z,11411,317,444
2020-04-08T04:00:00Z,11412,512,793
2020-04-08T04:00:00Z,11413,549,853
2020-04-08T04:00:00Z,11414,354,593
2020-04-08T04:00:00Z,11415,239,407
2020-04-08T04:00:00Z,11416,238,371
2020-04-08T04:00:00Z,11417,323,522
2020-04-08T04:00:00Z,11418,405,647
2020-04-08T04:00:00Z,11419,398,642
2020-04-08T04:00:00Z,11420,506,816
2020-04-08T04:00:00Z,11421,418,645
2020-04-08T04:00:00Z,11422,432,689
2020-04-08T04:00:00Z,11423,356,544
2020-04-08T04:00:00Z,11426,225,404
2020-04-08T04:00:00Z,11427,334,549
2020-04-08T04:00:00Z,11428,252,374
2020-04-08T04:00:00Z,11434,785,1212
2020-04-08T04:00:00Z,11432,601,937
2020-04-08T04:00:00Z,11433,323,505
2020-04-08T04:00:00Z,11435,567,963
2020-04-08T04:00:00Z,11436,194,298
2020-04-08T04:00:00Z,11691,861,1284
2020-04-08T04:00:00Z,11692,226,350
2020-04-08T04:00:00Z,11693,154,254
2020-04-08T04:00:00Z,11694,277,481
2020-04-08T04:00:00Z,11697,44,94
2020-04-09T04:00:00Z,NA,1330,1459
2020-04-09T04:00:00Z,99999,2,5
2020-04-09T04:00:00Z,10001,191,408
2020-04-09T04:00:00Z,10002,456,889
2020-04-09T04:00:00Z,10003,253,597
2020-04-09T04:00:00Z,10004,21,48
2020-04-09T04:00:00Z,10005,36,108
2020-04-09T04:00:00Z,10006,8,39
2020-04-09T04:00:00Z,10007,31,95
2020-04-09T04:00:00Z,10009,333,730
2020-04-09T04:00:00Z,10010,150,413
2020-04-09T04:00:00Z,10011,329,678
2020-04-09T04:00:00Z,10012,91,257
2020-04-09T04:00:00Z,10013,140,322
2020-04-09T04:00:00Z,10014,198,424
2020-04-09T04:00:00Z,10016,389,906
2020-04-09T04:00:00Z,10017,80,233
2020-04-09T04:00:00Z,10018,126,270
2020-04-09T04:00:00Z,10019,298,674
2020-04-09T04:00:00Z,10021,325,836
2020-04-09T04:00:00Z,10022,187,490
2020-04-09T04:00:00Z,10023,289,753
2020-04-09T04:00:00Z,10024,339,900
2020-04-09T04:00:00Z,10025,513,1215
2020-04-09T04:00:00Z,10026,255,514
2020-04-09T04:00:00Z,10027,389,751
2020-04-09T04:00:00Z,10028,284,716
2020-04-09T04:00:00Z,10029,680,1276
2020-04-09T04:00:00Z,10030,232,383
2020-04-09T04:00:00Z,10031,483,779
2020-04-09T04:00:00Z,10032,586,983
2020-04-09T04:00:00Z,10033,521,850
2020-04-09T04:00:00Z,10034,273,499
2020-04-09T04:00:00Z,10035,358,668
2020-04-09T04:00:00Z,10036,207,435
2020-04-09T04:00:00Z,10037,194,344
2020-04-09T04:00:00Z,10038,126,259
2020-04-09T04:00:00Z,10039,214,392
2020-04-09T04:00:00Z,10040,399,643
2020-04-09T04:00:00Z,10044,81,176
2020-04-09T04:00:00Z,10065,197,571
2020-04-09T04:00:00Z,10069,33,83
2020-04-09T04:00:00Z,10075,241,517
2020-04-09T04:00:00Z,10128,352,891
2020-04-09T04:00:00Z,10280,25,76
2020-04-09T04:00:00Z,10282,37,76
2020-04-09T04:00:00Z,10301,457,848
2020-04-09T04:00:00Z,10302,236,446
2020-04-09T04:00:00Z,10303,363,636
2020-04-09T04:00:00Z,10304,634,1191
2020-04-09T04:00:00Z,10305,540,1157
2020-04-09T04:00:00Z,10306,705,1545
2020-04-09T04:00:00Z,10307,186,370
2020-04-09T04:00:00Z,10308,344,756
2020-04-09T04:00:00Z,10309,416,913
2020-04-09T04:00:00Z,10310,294,620
2020-04-09T04:00:00Z,10312,794,1554
2020-04-09T04:00:00Z,10314,1173,2394
2020-04-09T04:00:00Z,10451,646,1087
2020-04-09T04:00:00Z,10452,869,1345
2020-04-09T04:00:00Z,10453,941,1475
2020-04-09T04:00:00Z,10454,455,732
2020-04-09T04:00:00Z,10455,457,762
2020-04-09T04:00:00Z,10456,948,1541
2020-04-09T04:00:00Z,10457,820,1308
2020-04-09T04:00:00Z,10458,807,1386
2020-04-09T04:00:00Z,10459,604,989
2020-04-09T04:00:00Z,10460,649,1086
2020-04-09T04:00:00Z,10461,837,1529
2020-04-09T04:00:00Z,10462,987,1748
2020-04-09T04:00:00Z,10463,681,1421
2020-04-09T04:00:00Z,10464,63,154
2020-04-09T04:00:00Z,10465,703,1418
2020-04-09T04:00:00Z,10466,970,1623
2020-04-09T04:00:00Z,10467,1442,2385
2020-04-09T04:00:00Z,10468,995,1488
2020-04-09T04:00:00Z,10469,1208,1950
2020-04-09T04:00:00Z,10470,205,368
2020-04-09T04:00:00Z,10471,245,553
2020-04-09T04:00:00Z,10472,760,1170
2020-04-09T04:00:00Z,10473,858,1460
2020-04-09T04:00:00Z,10474,138,219
2020-04-09T04:00:00Z,10475,707,1243
2020-04-09T04:00:00Z,11429,432,615
2020-04-09T04:00:00Z,11004,278,424
2020-04-09T04:00:00Z,11101,298,580
2020-04-09T04:00:00Z,11102,256,461
2020-04-09T04:00:00Z,11103,243,433
2020-04-09T04:00:00Z,11104,219,367
2020-04-09T04:00:00Z,11105,226,445
2020-04-09T04:00:00Z,11106,293,541
2020-04-09T04:00:00Z,11109,30,87
2020-04-09T04:00:00Z,11201,321,793
2020-04-09T04:00:00Z,11203,792,1210
2020-04-09T04:00:00Z,11204,994,1594
2020-04-09T04:00:00Z,11205,347,642
2020-04-09T04:00:00Z,11206,648,1105
2020-04-09T04:00:00Z,11207,763,1253
2020-04-09T04:00:00Z,11208,841,1296
2020-04-09T04:00:00Z,11209,497,994
2020-04-09T04:00:00Z,11210,776,1241
2020-04-09T04:00:00Z,11211,1066,1659
2020-04-09T04:00:00Z,11212,698,1078
2020-04-09T04:00:00Z,11213,682,1107
2020-04-09T04:00:00Z,11214,616,1113
2020-04-09T04:00:00Z,11215,307,706
2020-04-09T04:00:00Z,11216,318,596
2020-04-09T04:00:00Z,11217,258,508
2020-04-09T04:00:00Z,11218,856,1422
2020-04-09T04:00:00Z,11219,1513,2199
2020-04-09T04:00:00Z,11220,656,1048
2020-04-09T04:00:00Z,11221,538,890
2020-04-09T04:00:00Z,11222,205,450
2020-04-09T04:00:00Z,11223,752,1316
2020-04-09T04:00:00Z,11224,387,662
2020-04-09T04:00:00Z,11225,541,844
2020-04-09T04:00:00Z,11226,784,1230
2020-04-09T04:00:00Z,11228,294,519
2020-04-09T04:00:00Z,11229,674,1211
2020-04-09T04:00:00Z,11230,1167,1865
2020-04-09T04:00:00Z,11231,217,443
2020-04-09T04:00:00Z,11232,222,342
2020-04-09T04:00:00Z,11233,481,797
2020-04-09T04:00:00Z,11234,944,1565
2020-04-09T04:00:00Z,11235,757,1359
2020-04-09T04:00:00Z,11236,1069,1641
2020-04-09T04:00:00Z,11237,375,559
2020-04-09T04:00:00Z,11238,381,677
2020-04-09T04:00:00Z,11239,199,313
2020-04-09T04:00:00Z,11357,373,659
2020-04-09T04:00:00Z,11355,475,743
2020-04-09T04:00:00Z,11354,366,608
2020-04-09T04:00:00Z,11356,231,421
2020-04-09T04:00:00Z,11358,246,478
2020-04-09T04:00:00Z,11360,138,304
2020-04-09T04:00:00Z,11361,207,378
2020-04-09T04:00:00Z,11362,141,286
2020-04-09T04:00:00Z,11363,63,124
2020-04-09T04:00:00Z,11364,220,412
2020-04-09T04:00:00Z,11365,358,632
2020-04-09T04:00:00Z,11366,216,349
2020-04-09T04:00:00Z,11367,541,862
2020-04-09T04:00:00Z,11368,2132,2667
2020-04-09T04:00:00Z,11369,746,985
2020-04-09T04:00:00Z,11370,731,1211
2020-04-09T04:00:00Z,11372,1232,1624
2020-04-09T04:00:00Z,11373,1602,2173
2020-04-09T04:00:00Z,11374,581,984
2020-04-09T04:00:00Z,11375,825,1515
2020-04-09T04:00:00Z,11377,962,1425
2020-04-09T04:00:00Z,11378,318,547
2020-04-09T04:00:00Z,11379,366,664
2020-04-09T04:00:00Z,11385,885,1494
2020-04-09T04:00:00Z,11411,341,483
2020-04-09T04:00:00Z,11412,577,869
2020-04-09T04:00:00Z,11413,622,951
2020-04-09T04:00:00Z,11414,392,652
2020-04-09T04:00:00Z,11415,251,427
2020-04-09T04:00:00Z,11416,267,414
2020-04-09T04:00:00Z,11417,370,588
2020-04-09T04:00:00Z,11418,443,698
2020-04-09T04:00:00Z,11419,443,699
2020-04-09T04:00:00Z,11420,555,879
2020-04-09T04:00:00Z,11421,481,724
2020-04-09T04:00:00Z,11422,467,743
2020-04-09T04:00:00Z,11423,412,612
2020-04-09T04:00:00Z,11426,243,438
2020-04-09T04:00:00Z,11427,367,596
2020-04-09T04:00:00Z,11428,280,419
2020-04-09T04:00:00Z,11434,895,1348
2020-04-09T04:00:00Z,11432,710,1071
2020-04-09T04:00:00Z,11433,394,592
2020-04-09T04:00:00Z,11435,649,1068
2020-04-09T04:00:00Z,11436,217,330
2020-04-09T04:00:00Z,11691,941,1395
2020-04-09T04:00:00Z,11692,246,379
2020-04-09T04:00:00Z,11693,167,274
2020-04-09T04:00:00Z,11694,302,519
2020-04-09T04:00:00Z,11697,52,105
2020-04-10T04:00:00Z,NA,1362,1506
2020-04-10T04:00:00Z,10001,197,429
2020-04-10T04:00:00Z,10002,492,949
2020-04-10T04:00:00Z,10003,264,622
2020-04-10T04:00:00Z,10004,22,53
2020-04-10T04:00:00Z,10005,36,109
2020-04-10T04:00:00Z,10006,8,39
2020-04-10T04:00:00Z,10007,32,102
2020-04-10T04:00:00Z,10009,348,782
2020-04-10T04:00:00Z,10010,158,441
2020-04-10T04:00:00Z,10011,341,695
2020-04-10T04:00:00Z,10012,96,274
2020-04-10T04:00:00Z,10013,149,341
2020-04-10T04:00:00Z,10014,205,439
2020-04-10T04:00:00Z,10016,412,950
2020-04-10T04:00:00Z,10017,83,241
2020-04-10T04:00:00Z,10018,140,296
2020-04-10T04:00:00Z,10019,310,702
2020-04-10T04:00:00Z,10021,350,885
2020-04-10T04:00:00Z,10022,202,528
2020-04-10T04:00:00Z,10023,312,799
2020-04-10T04:00:00Z,10024,358,938
2020-04-10T04:00:00Z,10025,567,1316
2020-04-10T04:00:00Z,10026,274,548
2020-04-10T04:00:00Z,10027,419,817
2020-04-10T04:00:00Z,10028,297,749
2020-04-10T04:00:00Z,10029,749,1417
2020-04-10T04:00:00Z,10030,254,417
2020-04-10T04:00:00Z,10031,536,845
2020-04-10T04:00:00Z,10032,629,1052
2020-04-10T04:00:00Z,10033,558,915
2020-04-10T04:00:00Z,10034,297,543
2020-04-10T04:00:00Z,10035,393,724
2020-04-10T04:00:00Z,10036,212,457
2020-04-10T04:00:00Z,10037,216,380
2020-04-10T04:00:00Z,10038,135,278
2020-04-10T04:00:00Z,10039,233,432
2020-04-10T04:00:00Z,10040,434,693
2020-04-10T04:00:00Z,10044,82,183
2020-04-10T04:00:00Z,10065,207,593
2020-04-10T04:00:00Z,10069,34,87
2020-04-10T04:00:00Z,10075,252,541
2020-04-10T04:00:00Z,10128,374,948
2020-04-10T04:00:00Z,10280,27,79
2020-04-10T04:00:00Z,10282,41,82
2020-04-10T04:00:00Z,10301,524,999
2020-04-10T04:00:00Z,10302,268,522
2020-04-10T04:00:00Z,10303,412,736
2020-04-10T04:00:00Z,10304,702,1366
2020-04-10T04:00:00Z,10305,616,1345
2020-04-10T04:00:00Z,10306,788,1781
2020-04-10T04:00:00Z,10307,220,450
2020-04-10T04:00:00Z,10308,380,867
2020-04-10T04:00:00Z,10309,500,1117
2020-04-10T04:00:00Z,10310,341,721
2020-04-10T04:00:00Z,10312,918,1860
2020-04-10T04:00:00Z,10314,1356,2828
2020-04-10T04:00:00Z,10451,709,1192
2020-04-10T04:00:00Z,10452,973,1491
2020-04-10T04:00:00Z,10453,1042,1637
2020-04-10T04:00:00Z,10454,510,811
2020-04-10T04:00:00Z,10455,511,847
2020-04-10T04:00:00Z,10456,1038,1693
2020-04-10T04:00:00Z,10457,890,1415
2020-04-10T04:00:00Z,10458,888,1534
2020-04-10T04:00:00Z,10459,677,1099
2020-04-10T04:00:00Z,10460,711,1180
2020-04-10T04:00:00Z,10461,951,1750
2020-04-10T04:00:00Z,10462,1114,1979
2020-04-10T04:00:00Z,10463,769,1613
2020-04-10T04:00:00Z,10464,71,179
2020-04-10T04:00:00Z,10465,804,1627
2020-04-10T04:00:00Z,10466,1115,1868
2020-04-10T04:00:00Z,10467,1626,2669
2020-04-10T04:00:00Z,10468,1096,1668
2020-04-10T04:00:00Z,10469,1381,2226
2020-04-10T04:00:00Z,10470,233,425
2020-04-10T04:00:00Z,10471,278,622
2020-04-10T04:00:00Z,10472,836,1291
2020-04-10T04:00:00Z,10473,963,1652
2020-04-10T04:00:00Z,10474,158,245
2020-04-10T04:00:00Z,10475,813,1431
2020-04-10T04:00:00Z,11004,300,462
2020-04-10T04:00:00Z,11101,315,614
2020-04-10T04:00:00Z,11102,272,491
2020-04-10T04:00:00Z,11103,264,467
2020-04-10T04:00:00Z,11104,243,399
2020-04-10T04:00:00Z,11105,248,495
2020-04-10T04:00:00Z,11106,312,578
2020-04-10T04:00:00Z,11109,35,95
2020-04-10T04:00:00Z,11201,344,840
2020-04-10T04:00:00Z,11203,881,1345
2020-04-10T04:00:00Z,11204,1034,1673
2020-04-10T04:00:00Z,11205,360,674
2020-04-10T04:00:00Z,11206,703,1208
2020-04-10T04:00:00Z,11207,836,1365
2020-04-10T04:00:00Z,11208,932,1423
2020-04-10T04:00:00Z,11209,530,1066
2020-04-10T04:00:00Z,11210,821,1317
2020-04-10T04:00:00Z,11211,1128,1764
2020-04-10T04:00:00Z,11212,764,1171
2020-04-10T04:00:00Z,11213,726,1189
2020-04-10T04:00:00Z,11214,678,1206
2020-04-10T04:00:00Z,11215,319,740
2020-04-10T04:00:00Z,11216,341,640
2020-04-10T04:00:00Z,11217,279,539
2020-04-10T04:00:00Z,11218,893,1484
2020-04-10T04:00:00Z,11219,1562,2281
2020-04-10T04:00:00Z,11220,695,1109
2020-04-10T04:00:00Z,11221,586,963
2020-04-10T04:00:00Z,11222,220,473
2020-04-10T04:00:00Z,11223,809,1425
2020-04-10T04:00:00Z,11224,434,735
2020-04-10T04:00:00Z,11225,573,905
2020-04-10T04:00:00Z,11226,859,1354
2020-04-10T04:00:00Z,11228,316,558
2020-04-10T04:00:00Z,11229,714,1281
2020-04-10T04:00:00Z,11230,1221,1955
2020-04-10T04:00:00Z,11231,223,469
2020-04-10T04:00:00Z,11232,243,361
2020-04-10T04:00:00Z,11233,534,881
2020-04-10T04:00:00Z,11234,1029,1704
2020-04-10T04:00:00Z,11235,824,1470
2020-04-10T04:00:00Z,11236,1157,1785
2020-04-10T04:00:00Z,11237,411,610
2020-04-10T04:00:00Z,11238,407,716
2020-04-10T04:00:00Z,11239,221,358
2020-04-10T04:00:00Z,11354,412,674
2020-04-10T04:00:00Z,11355,527,822
2020-04-10T04:00:00Z,11356,255,452
2020-04-10T04:00:00Z,11357,400,706
2020-04-10T04:00:00Z,11358,259,504
2020-04-10T04:00:00Z,11360,147,321
2020-04-10T04:00:00Z,11361,224,404
2020-04-10T04:00:00Z,11362,148,310
2020-04-10T04:00:00Z,11363,65,130
2020-04-10T04:00:00Z,11364,237,443
2020-04-10T04:00:00Z,11365,401,710
2020-04-10T04:00:00Z,11366,233,389
2020-04-10T04:00:00Z,11367,566,936
2020-04-10T04:00:00Z,11368,2248,2829
2020-04-10T04:00:00Z,11369,813,1070
2020-04-10T04:00:00Z,11370,797,1286
2020-04-10T04:00:00Z,11372,1322,1769
2020-04-10T04:00:00Z,11373,1737,2399
2020-04-10T04:00:00Z,11374,625,1068
2020-04-10T04:00:00Z,11375,859,1603
2020-04-10T04:00:00Z,11377,1052,1575
2020-04-10T04:00:00Z,11378,347,604
2020-04-10T04:00:00Z,11379,394,727
2020-04-10T04:00:00Z,11385,963,1613
2020-04-10T04:00:00Z,11411,371,532
2020-04-10T04:00:00Z,11412,631,964
2020-04-10T04:00:00Z,11413,674,1036
2020-04-10T04:00:00Z,11414,421,703
2020-04-10T04:00:00Z,11415,276,471
2020-04-10T04:00:00Z,11416,286,446
2020-04-10T04:00:00Z,11417,383,623
2020-04-10T04:00:00Z,11418,482,763
2020-04-10T04:00:00Z,11419,483,765
2020-04-10T04:00:00Z,11420,603,939
2020-04-10T04:00:00Z,11421,537,800
2020-04-10T04:00:00Z,11422,506,814
2020-04-10T04:00:00Z,11423,442,675
2020-04-10T04:00:00Z,11426,263,475
2020-04-10T04:00:00Z,11427,395,647
2020-04-10T04:00:00Z,11428,310,464
2020-04-10T04:00:00Z,11429,482,681
2020-04-10T04:00:00Z,11432,773,1183
2020-04-10T04:00:00Z,11433,423,645
2020-04-10T04:00:00Z,11434,968,1485
2020-04-10T04:00:00Z,11435,707,1169
2020-04-10T04:00:00Z,11436,240,361
2020-04-10T04:00:00Z,11691,993,1479
2020-04-10T04:00:00Z,11692,267,417
2020-04-10T04:00:00Z,11693,184,302
2020-04-10T04:00:00Z,11694,330,565
2020-04-10T04:00:00Z,11697,61,119
2020-04-10T04:00:00Z,11697,52,105
2020-04-11T04:00:00Z,NA,1363,1508
2020-04-11T04:00:00Z,10001,201,435
2020-04-11T04:00:00Z,10002,500,970
2020-04-11T04:00:00Z,10003,267,636
2020-04-11T04:00:00Z,10004,22,54
2020-04-11T04:00:00Z,10005,37,112
2020-04-11T04:00:00Z,10006,8,39
2020-04-11T04:00:00Z,10007,32,103
2020-04-11T04:00:00Z,10009,349,797
2020-04-11T04:00:00Z,10010,160,451
2020-04-11T04:00:00Z,10011,342,704
2020-04-11T04:00:00Z,10012,96,277
2020-04-11T04:00:00Z,10013,151,347
2020-04-11T04:00:00Z,10014,207,443
2020-04-11T04:00:00Z,10016,417,964
2020-04-11T04:00:00Z,10017,83,244
2020-04-11T04:00:00Z,10018,148,318
2020-04-11T04:00:00Z,10019,314,716
2020-04-11T04:00:00Z,10021,360,906
2020-04-11T04:00:00Z,10022,206,542
2020-04-11T04:00:00Z,10023,315,809
2020-04-11T04:00:00Z,10024,359,947
2020-04-11T04:00:00Z,10025,582,1345
2020-04-11T04:00:00Z,10026,279,562
2020-04-11T04:00:00Z,10027,427,839
2020-04-11T04:00:00Z,10028,302,764
2020-04-11T04:00:00Z,10029,769,1455
2020-04-11T04:00:00Z,10030,257,424
2020-04-11T04:00:00Z,10031,542,858
2020-04-11T04:00:00Z,10032,636,1066
2020-04-11T04:00:00Z,10033,560,931
2020-04-11T04:00:00Z,10034,300,550
2020-04-11T04:00:00Z,10035,403,744
2020-04-11T04:00:00Z,10036,214,465
2020-04-11T04:00:00Z,10037,223,391
2020-04-11T04:00:00Z,10038,137,281
2020-04-11T04:00:00Z,10039,243,446
2020-04-11T04:00:00Z,10040,437,702
2020-04-11T04:00:00Z,10044,84,186
2020-04-11T04:00:00Z,10065,207,601
2020-04-11T04:00:00Z,10069,34,89
2020-04-11T04:00:00Z,10075,257,552
2020-04-11T04:00:00Z,10128,384,976
2020-04-11T04:00:00Z,10280,27,79
2020-04-11T04:00:00Z,10282,41,85
2020-04-11T04:00:00Z,10301,538,1037
2020-04-11T04:00:00Z,10302,275,541
2020-04-11T04:00:00Z,10303,419,760
2020-04-11T04:00:00Z,10304,718,1409
2020-04-11T04:00:00Z,10305,636,1386
2020-04-11T04:00:00Z,10306,809,1829
2020-04-11T04:00:00Z,10307,225,469
2020-04-11T04:00:00Z,10308,390,903
2020-04-11T04:00:00Z,10309,508,1156
2020-04-11T04:00:00Z,10310,355,752
2020-04-11T04:00:00Z,10312,934,1929
2020-04-11T04:00:00Z,10314,1402,2923
2020-04-11T04:00:00Z,10451,730,1232
2020-04-11T04:00:00Z,10452,986,1534
2020-04-11T04:00:00Z,10453,1064,1690
2020-04-11T04:00:00Z,10454,517,828
2020-04-11T04:00:00Z,10455,523,867
2020-04-11T04:00:00Z,10456,1057,1737
2020-04-11T04:00:00Z,10457,907,1467
2020-04-11T04:00:00Z,10458,902,1571
2020-04-11T04:00:00Z,10459,693,1130
2020-04-11T04:00:00Z,10460,725,1215
2020-04-11T04:00:00Z,10461,965,1794
2020-04-11T04:00:00Z,10462,1133,2039
2020-04-11T04:00:00Z,10463,815,1696
2020-04-11T04:00:00Z,10464,71,183
2020-04-11T04:00:00Z,10465,816,1680
2020-04-11T04:00:00Z,10466,1147,1938
2020-04-11T04:00:00Z,10467,1653,2729
2020-04-11T04:00:00Z,10468,1126,1721
2020-04-11T04:00:00Z,10469,1417,2300
2020-04-11T04:00:00Z,10470,238,439
2020-04-11T04:00:00Z,10471,283,636
2020-04-11T04:00:00Z,10472,854,1319
2020-04-11T04:00:00Z,10473,986,1700
2020-04-11T04:00:00Z,10474,159,250
2020-04-11T04:00:00Z,10475,838,1484
2020-04-11T04:00:00Z,11004,310,481
2020-04-11T04:00:00Z,11101,322,627
2020-04-11T04:00:00Z,11102,279,503
2020-04-11T04:00:00Z,11103,273,485
2020-04-11T04:00:00Z,11104,252,413
2020-04-11T04:00:00Z,11105,254,513
2020-04-11T04:00:00Z,11106,319,595
2020-04-11T04:00:00Z,11109,35,98
2020-04-11T04:00:00Z,11201,353,863
2020-04-11T04:00:00Z,11203,910,1411
2020-04-11T04:00:00Z,11204,1043,1699
2020-04-11T04:00:00Z,11205,363,685
2020-04-11T04:00:00Z,11206,718,1241
2020-04-11T04:00:00Z,11207,856,1408
2020-04-11T04:00:00Z,11208,953,1466
2020-04-11T04:00:00Z,11209,538,1087
2020-04-11T04:00:00Z,11210,838,1351
2020-04-11T04:00:00Z,11211,1138,1799
2020-04-11T04:00:00Z,11212,780,1213
2020-04-11T04:00:00Z,11213,737,1213
2020-04-11T04:00:00Z,11214,693,1237
2020-04-11T04:00:00Z,11215,321,754
2020-04-11T04:00:00Z,11216,347,664
2020-04-11T04:00:00Z,11217,281,546
2020-04-11T04:00:00Z,11218,904,1511
2020-04-11T04:00:00Z,11219,1564,2312
2020-04-11T04:00:00Z,11220,718,1156
2020-04-11T04:00:00Z,11221,593,983
2020-04-11T04:00:00Z,11222,225,481
2020-04-11T04:00:00Z,11223,827,1470
2020-04-11T04:00:00Z,11224,443,760
2020-04-11T04:00:00Z,11225,588,944
2020-04-11T04:00:00Z,11226,898,1412
2020-04-11T04:00:00Z,11228,322,576
2020-04-11T04:00:00Z,11229,721,1308
2020-04-11T04:00:00Z,11230,1233,1994
2020-04-11T04:00:00Z,11231,227,478
2020-04-11T04:00:00Z,11232,248,374
2020-04-11T04:00:00Z,11233,539,904
2020-04-11T04:00:00Z,11234,1044,1750
2020-04-11T04:00:00Z,11235,843,1513
2020-04-11T04:00:00Z,11236,1184,1835
2020-04-11T04:00:00Z,11237,421,627
2020-04-11T04:00:00Z,11238,412,732
2020-04-11T04:00:00Z,11239,230,378
2020-04-11T04:00:00Z,11354,422,695
2020-04-11T04:00:00Z,11355,538,848
2020-04-11T04:00:00Z,11356,257,458
2020-04-11T04:00:00Z,11357,408,724
2020-04-11T04:00:00Z,11358,265,519
2020-04-11T04:00:00Z,11360,153,333
2020-04-11T04:00:00Z,11361,229,420
2020-04-11T04:00:00Z,11362,158,323
2020-04-11T04:00:00Z,11363,65,132
2020-04-11T04:00:00Z,11364,242,456
2020-04-11T04:00:00Z,11365,411,736
2020-04-11T04:00:00Z,11366,236,403
2020-04-11T04:00:00Z,11367,574,964
2020-04-11T04:00:00Z,11368,2287,2893
2020-04-11T04:00:00Z,11369,839,1107
2020-04-11T04:00:00Z,11370,811,1312
2020-04-11T04:00:00Z,11372,1355,1823
2020-04-11T04:00:00Z,11373,1779,2490
2020-04-11T04:00:00Z,11374,636,1105
2020-04-11T04:00:00Z,11375,872,1644
2020-04-11T04:00:00Z,11377,1072,1632
2020-04-11T04:00:00Z,11378,358,626
2020-04-11T04:00:00Z,11379,403,741
2020-04-11T04:00:00Z,11385,977,1662
2020-04-11T04:00:00Z,11411,387,554
2020-04-11T04:00:00Z,11412,645,1001
2020-04-11T04:00:00Z,11413,691,1080
2020-04-11T04:00:00Z,11414,434,736
2020-04-11T04:00:00Z,11415,284,481
2020-04-11T04:00:00Z,11416,302,471
2020-04-11T04:00:00Z,11417,393,646
2020-04-11T04:00:00Z,11418,493,785
2020-04-11T04:00:00Z,11419,495,792
2020-04-11T04:00:00Z,11420,623,981
2020-04-11T04:00:00Z,11421,555,834
2020-04-11T04:00:00Z,11422,517,845
2020-04-11T04:00:00Z,11423,453,702
2020-04-11T04:00:00Z,11426,270,492
2020-04-11T04:00:00Z,11427,407,669
2020-04-11T04:00:00Z,11428,320,488
2020-04-11T04:00:00Z,11429,496,708
2020-04-11T04:00:00Z,11432,787,1219
2020-04-11T04:00:00Z,11433,432,666
2020-04-11T04:00:00Z,11434,997,1552
2020-04-11T04:00:00Z,11435,726,1212
2020-04-11T04:00:00Z,11436,245,377
2020-04-11T04:00:00Z,11691,1019,1527
2020-04-11T04:00:00Z,11692,277,437
2020-04-11T04:00:00Z,11693,185,312
2020-04-11T04:00:00Z,11694,342,587
2020-04-11T04:00:00Z,11697,63,123
2020-04-12T04:00:00Z,NA,1934,2082
2020-04-12T04:00:00Z,10001,211,448
2020-04-12T04:00:00Z,10002,539,1024
2020-04-12T04:00:00Z,10003,279,662
2020-04-12T04:00:00Z,10004,23,59
2020-04-12T04:00:00Z,10005,38,116
2020-04-12T04:00:00Z,10006,10,43
2020-04-12T04:00:00Z,10007,34,107
2020-04-12T04:00:00Z,10009,381,851
2020-04-12T04:00:00Z,10010,166,468
2020-04-12T04:00:00Z,10011,355,731
2020-04-12T04:00:00Z,10012,98,285
2020-04-12T04:00:00Z,10013,161,362
2020-04-12T04:00:00Z,10014,212,457
2020-04-12T04:00:00Z,10016,435,992
2020-04-12T04:00:00Z,10017,90,260
2020-04-12T04:00:00Z,10018,156,331
2020-04-12T04:00:00Z,10019,334,753
2020-04-12T04:00:00Z,10021,386,967
2020-04-12T04:00:00Z,10022,219,562
2020-04-12T04:00:00Z,10023,341,857
2020-04-12T04:00:00Z,10024,380,994
2020-04-12T04:00:00Z,10025,626,1439
2020-04-12T04:00:00Z,10026,308,605
2020-04-12T04:00:00Z,10027,476,910
2020-04-12T04:00:00Z,10028,317,802
2020-04-12T04:00:00Z,10029,824,1538
2020-04-12T04:00:00Z,10030,277,448
2020-04-12T04:00:00Z,10031,611,935
2020-04-12T04:00:00Z,10032,728,1190
2020-04-12T04:00:00Z,10033,626,1011
2020-04-12T04:00:00Z,10034,345,607
2020-04-12T04:00:00Z,10035,440,796
2020-04-12T04:00:00Z,10036,232,494
2020-04-12T04:00:00Z,10037,232,405
2020-04-12T04:00:00Z,10038,151,300
2020-04-12T04:00:00Z,10039,266,478
2020-04-12T04:00:00Z,10040,498,786
2020-04-12T04:00:00Z,10044,90,198
2020-04-12T04:00:00Z,10065,216,627
2020-04-12T04:00:00Z,10069,35,93
2020-04-12T04:00:00Z,10075,262,564
2020-04-12T04:00:00Z,10128,396,1006
2020-04-12T04:00:00Z,10280,27,81
2020-04-12T04:00:00Z,10282,44,90
2020-04-12T04:00:00Z,10301,593,1133
2020-04-12T04:00:00Z,10302,318,612
2020-04-12T04:00:00Z,10303,486,866
2020-04-12T04:00:00Z,10304,788,1529
2020-04-12T04:00:00Z,10305,700,1504
2020-04-12T04:00:00Z,10306,886,1989
2020-04-12T04:00:00Z,10307,246,510
2020-04-12T04:00:00Z,10308,430,984
2020-04-12T04:00:00Z,10309,561,1264
2020-04-12T04:00:00Z,10310,383,815
2020-04-12T04:00:00Z,10312,1008,2071
2020-04-12T04:00:00Z,10314,1569,3231
2020-04-12T04:00:00Z,10451,788,1314
2020-04-12T04:00:00Z,10452,1068,1640
2020-04-12T04:00:00Z,10453,1146,1811
2020-04-12T04:00:00Z,10454,550,872
2020-04-12T04:00:00Z,10455,562,919
2020-04-12T04:00:00Z,10456,1130,1840
2020-04-12T04:00:00Z,10457,969,1551
2020-04-12T04:00:00Z,10458,968,1662
2020-04-12T04:00:00Z,10459,746,1201
2020-04-12T04:00:00Z,10460,771,1288
2020-04-12T04:00:00Z,10461,1018,1878
2020-04-12T04:00:00Z,10462,1201,2158
2020-04-12T04:00:00Z,10463,885,1810
2020-04-12T04:00:00Z,10464,75,194
2020-04-12T04:00:00Z,10465,865,1762
2020-04-12T04:00:00Z,10466,1259,2112
2020-04-12T04:00:00Z,10467,1769,2911
2020-04-12T04:00:00Z,10468,1224,1849
2020-04-12T04:00:00Z,10469,1514,2448
2020-04-12T04:00:00Z,10470,258,472
2020-04-12T04:00:00Z,10471,302,669
2020-04-12T04:00:00Z,10472,918,1408
2020-04-12T04:00:00Z,10473,1053,1795
2020-04-12T04:00:00Z,10474,170,266
2020-04-12T04:00:00Z,10475,912,1623
2020-04-12T04:00:00Z,11004,324,505
2020-04-12T04:00:00Z,11101,344,672
2020-04-12T04:00:00Z,11102,306,534
2020-04-12T04:00:00Z,11103,296,524
2020-04-12T04:00:00Z,11104,264,429
2020-04-12T04:00:00Z,11105,279,550
2020-04-12T04:00:00Z,11106,342,629
2020-04-12T04:00:00Z,11109,37,103
2020-04-12T04:00:00Z,11201,373,894
2020-04-12T04:00:00Z,11203,1001,1529
2020-04-12T04:00:00Z,11204,1110,1791
2020-04-12T04:00:00Z,11205,392,724
2020-04-12T04:00:00Z,11206,757,1312
2020-04-12T04:00:00Z,11207,928,1495
2020-04-12T04:00:00Z,11208,1029,1568
2020-04-12T04:00:00Z,11209,587,1162
2020-04-12T04:00:00Z,11210,898,1427
2020-04-12T04:00:00Z,11211,1202,1893
2020-04-12T04:00:00Z,11212,842,1302
2020-04-12T04:00:00Z,11213,793,1296
2020-04-12T04:00:00Z,11214,760,1330
2020-04-12T04:00:00Z,11215,350,797
2020-04-12T04:00:00Z,11216,376,709
2020-04-12T04:00:00Z,11217,316,599
2020-04-12T04:00:00Z,11218,976,1606
2020-04-12T04:00:00Z,11219,1679,2476
2020-04-12T04:00:00Z,11220,784,1238
2020-04-12T04:00:00Z,11221,641,1061
2020-04-12T04:00:00Z,11222,255,518
2020-04-12T04:00:00Z,11223,885,1555
2020-04-12T04:00:00Z,11224,485,811
2020-04-12T04:00:00Z,11225,632,1001
2020-04-12T04:00:00Z,11226,995,1527
2020-04-12T04:00:00Z,11228,356,626
2020-04-12T04:00:00Z,11229,791,1402
2020-04-12T04:00:00Z,11230,1301,2091
2020-04-12T04:00:00Z,11231,241,504
2020-04-12T04:00:00Z,11232,267,395
2020-04-12T04:00:00Z,11233,591,971
2020-04-12T04:00:00Z,11234,1149,1879
2020-04-12T04:00:00Z,11235,911,1601
2020-04-12T04:00:00Z,11236,1313,1985
2020-04-12T04:00:00Z,11237,451,665
2020-04-12T04:00:00Z,11238,448,778
2020-04-12T04:00:00Z,11239,250,403
2020-04-12T04:00:00Z,11354,461,757
2020-04-12T04:00:00Z,11355,587,926
2020-04-12T04:00:00Z,11356,285,497
2020-04-12T04:00:00Z,11357,441,777
2020-04-12T04:00:00Z,11358,289,553
2020-04-12T04:00:00Z,11360,173,358
2020-04-12T04:00:00Z,11361,253,463
2020-04-12T04:00:00Z,11362,167,339
2020-04-12T04:00:00Z,11363,68,136
2020-04-12T04:00:00Z,11364,259,485
2020-04-12T04:00:00Z,11365,440,791
2020-04-12T04:00:00Z,11366,244,419
2020-04-12T04:00:00Z,11367,591,1007
2020-04-12T04:00:00Z,11368,2398,3035
2020-04-12T04:00:00Z,11369,883,1165
2020-04-12T04:00:00Z,11370,833,1348
2020-04-12T04:00:00Z,11372,1428,1927
2020-04-12T04:00:00Z,11373,1859,2600
2020-04-12T04:00:00Z,11374,673,1169
2020-04-12T04:00:00Z,11375,937,1741
2020-04-12T04:00:00Z,11377,1152,1740
2020-04-12T04:00:00Z,11378,397,679
2020-04-12T04:00:00Z,11379,434,797
2020-04-12T04:00:00Z,11385,1066,1797
2020-04-12T04:00:00Z,11411,408,594
2020-04-12T04:00:00Z,11412,693,1081
2020-04-12T04:00:00Z,11413,752,1163
2020-04-12T04:00:00Z,11414,453,765
2020-04-12T04:00:00Z,11415,306,517
2020-04-12T04:00:00Z,11416,317,489
2020-04-12T04:00:00Z,11417,421,683
2020-04-12T04:00:00Z,11418,532,838
2020-04-12T04:00:00Z,11419,542,858
2020-04-12T04:00:00Z,11420,675,1064
2020-04-12T04:00:00Z,11421,602,906
2020-04-12T04:00:00Z,11422,552,898
2020-04-12T04:00:00Z,11423,486,745
2020-04-12T04:00:00Z,11426,292,524
2020-04-12T04:00:00Z,11427,440,726
2020-04-12T04:00:00Z,11428,349,536
2020-04-12T04:00:00Z,11429,536,765
2020-04-12T04:00:00Z,11432,843,1304
2020-04-12T04:00:00Z,11433,477,727
2020-04-12T04:00:00Z,11434,1060,1655
2020-04-12T04:00:00Z,11435,796,1308
2020-04-12T04:00:00Z,11436,269,412
2020-04-12T04:00:00Z,11691,1111,1647
2020-04-12T04:00:00Z,11692,297,471
2020-04-12T04:00:00Z,11693,197,334
2020-04-12T04:00:00Z,11694,360,622
2020-04-12T04:00:00Z,11697,63,130
2020-04-13T04:00:00Z,NA,1851,2017
2020-04-13T04:00:00Z,10001,221,462
2020-04-13T04:00:00Z,10002,554,1045
2020-04-13T04:00:00Z,10003,285,678
2020-04-13T04:00:00Z,10004,23,59
2020-04-13T04:00:00Z,10005,39,117
2020-04-13T04:00:00Z,10006,11,44
2020-04-13T04:00:00Z,10007,34,109
2020-04-13T04:00:00Z,10009,389,879
2020-04-13T04:00:00Z,10010,169,472
2020-04-13T04:00:00Z,10011,359,742
2020-04-13T04:00:00Z,10012,99,287
2020-04-13T04:00:00Z,10013,162,365
2020-04-13T04:00:00Z,10014,213,463
2020-04-13T04:00:00Z,10016,442,1008
2020-04-13T04:00:00Z,10017,92,268
2020-04-13T04:00:00Z,10018,157,333
2020-04-13T04:00:00Z,10019,339,763
2020-04-13T04:00:00Z,10021,389,977
2020-04-13T04:00:00Z,10022,222,567
2020-04-13T04:00:00Z,10023,350,871
2020-04-13T04:00:00Z,10024,386,1005
2020-04-13T04:00:00Z,10025,652,1485
2020-04-13T04:00:00Z,10026,314,618
2020-04-13T04:00:00Z,10027,487,929
2020-04-13T04:00:00Z,10028,326,822
2020-04-13T04:00:00Z,10029,853,1593
2020-04-13T04:00:00Z,10030,280,455
2020-04-13T04:00:00Z,10031,635,967
2020-04-13T04:00:00Z,10032,751,1229
2020-04-13T04:00:00Z,10033,643,1040
2020-04-13T04:00:00Z,10034,353,624
2020-04-13T04:00:00Z,10035,459,820
2020-04-13T04:00:00Z,10036,235,509
2020-04-13T04:00:00Z,10037,235,411
2020-04-13T04:00:00Z,10038,155,306
2020-04-13T04:00:00Z,10039,268,485
2020-04-13T04:00:00Z,10040,512,802
2020-04-13T04:00:00Z,10044,92,201
2020-04-13T04:00:00Z,10065,218,639
2020-04-13T04:00:00Z,10069,35,94
2020-04-13T04:00:00Z,10075,265,571
2020-04-13T04:00:00Z,10128,403,1027
2020-04-13T04:00:00Z,10280,28,83
2020-04-13T04:00:00Z,10282,48,94
2020-04-13T04:00:00Z,10301,627,1176
2020-04-13T04:00:00Z,10302,327,626
2020-04-13T04:00:00Z,10303,506,903
2020-04-13T04:00:00Z,10304,805,1574
2020-04-13T04:00:00Z,10305,724,1549
2020-04-13T04:00:00Z,10306,917,2046
2020-04-13T04:00:00Z,10307,253,530
2020-04-13T04:00:00Z,10308,441,1022
2020-04-13T04:00:00Z,10309,575,1298
2020-04-13T04:00:00Z,10310,397,847
2020-04-13T04:00:00Z,10312,1032,2150
2020-04-13T04:00:00Z,10314,1608,3329
2020-04-13T04:00:00Z,10451,822,1361
2020-04-13T04:00:00Z,10452,1106,1696
2020-04-13T04:00:00Z,10453,1188,1895
2020-04-13T04:00:00Z,10454,566,896
2020-04-13T04:00:00Z,10455,584,946
2020-04-13T04:00:00Z,10456,1175,1917
2020-04-13T04:00:00Z,10457,1004,1612
2020-04-13T04:00:00Z,10458,1014,1735
2020-04-13T04:00:00Z,10459,762,1234
2020-04-13T04:00:00Z,10460,801,1344
2020-04-13T04:00:00Z,10461,1037,1920
2020-04-13T04:00:00Z,10462,1223,2215
2020-04-13T04:00:00Z,10463,926,1883
2020-04-13T04:00:00Z,10464,76,195
2020-04-13T04:00:00Z,10465,882,1814
2020-04-13T04:00:00Z,10466,1287,2171
2020-04-13T04:00:00Z,10467,1818,2991
2020-04-13T04:00:00Z,10468,1280,1936
2020-04-13T04:00:00Z,10469,1577,2558
2020-04-13T04:00:00Z,10470,266,491
2020-04-13T04:00:00Z,10471,310,692
2020-04-13T04:00:00Z,10472,950,1470
2020-04-13T04:00:00Z,10473,1085,1841
2020-04-13T04:00:00Z,10474,175,275
2020-04-13T04:00:00Z,10475,947,1692
2020-04-13T04:00:00Z,11004,330,521
2020-04-13T04:00:00Z,11101,351,686
2020-04-13T04:00:00Z,11102,313,550
2020-04-13T04:00:00Z,11103,305,540
2020-04-13T04:00:00Z,11104,271,447
2020-04-13T04:00:00Z,11105,287,565
2020-04-13T04:00:00Z,11106,350,643
2020-04-13T04:00:00Z,11109,37,104
2020-04-13T04:00:00Z,11201,380,908
2020-04-13T04:00:00Z,11203,1034,1572
2020-04-13T04:00:00Z,11204,1134,1830
2020-04-13T04:00:00Z,11205,396,734
2020-04-13T04:00:00Z,11206,777,1341
2020-04-13T04:00:00Z,11207,956,1548
2020-04-13T04:00:00Z,11208,1058,1616
2020-04-13T04:00:00Z,11209,611,1199
2020-04-13T04:00:00Z,11210,919,1460
2020-04-13T04:00:00Z,11211,1216,1914
2020-04-13T04:00:00Z,11212,863,1340
2020-04-13T04:00:00Z,11213,811,1322
2020-04-13T04:00:00Z,11214,788,1374
2020-04-13T04:00:00Z,11215,359,811
2020-04-13T04:00:00Z,11216,384,725
2020-04-13T04:00:00Z,11217,331,621
2020-04-13T04:00:00Z,11218,988,1630
2020-04-13T04:00:00Z,11219,1698,2505
2020-04-13T04:00:00Z,11220,808,1277
2020-04-13T04:00:00Z,11221,652,1083
2020-04-13T04:00:00Z,11222,262,527
2020-04-13T04:00:00Z,11223,920,1621
2020-04-13T04:00:00Z,11224,498,834
2020-04-13T04:00:00Z,11225,654,1029
2020-04-13T04:00:00Z,11226,1021,1573
2020-04-13T04:00:00Z,11228,365,648
2020-04-13T04:00:00Z,11229,821,1449
2020-04-13T04:00:00Z,11230,1329,2137
2020-04-13T04:00:00Z,11231,247,513
2020-04-13T04:00:00Z,11232,287,419
2020-04-13T04:00:00Z,11233,616,1005
2020-04-13T04:00:00Z,11234,1189,1952
2020-04-13T04:00:00Z,11235,954,1670
2020-04-13T04:00:00Z,11236,1352,2053
2020-04-13T04:00:00Z,11237,460,682
2020-04-13T04:00:00Z,11238,454,787
2020-04-13T04:00:00Z,11239,261,417
2020-04-13T04:00:00Z,11354,483,791
2020-04-13T04:00:00Z,11355,611,961
2020-04-13T04:00:00Z,11356,296,514
2020-04-13T04:00:00Z,11357,452,798
2020-04-13T04:00:00Z,11358,301,576
2020-04-13T04:00:00Z,11360,177,370
2020-04-13T04:00:00Z,11361,258,474
2020-04-13T04:00:00Z,11362,173,350
2020-04-13T04:00:00Z,11363,69,141
2020-04-13T04:00:00Z,11364,265,499
2020-04-13T04:00:00Z,11365,457,828
2020-04-13T04:00:00Z,11366,249,431
2020-04-13T04:00:00Z,11367,604,1040
2020-04-13T04:00:00Z,11368,2446,3102
2020-04-13T04:00:00Z,11369,903,1195
2020-04-13T04:00:00Z,11370,847,1365
2020-04-13T04:00:00Z,11372,1476,1992
2020-04-13T04:00:00Z,11373,1893,2647
2020-04-13T04:00:00Z,11374,686,1190
2020-04-13T04:00:00Z,11375,970,1793
2020-04-13T04:00:00Z,11377,1173,1781
2020-04-13T04:00:00Z,11378,402,696
2020-04-13T04:00:00Z,11379,438,809
2020-04-13T04:00:00Z,11385,1091,1839
2020-04-13T04:00:00Z,11411,419,615
2020-04-13T04:00:00Z,11412,706,1111
2020-04-13T04:00:00Z,11413,773,1207
2020-04-13T04:00:00Z,11414,473,794
2020-04-13T04:00:00Z,11415,312,534
2020-04-13T04:00:00Z,11416,331,508
2020-04-13T04:00:00Z,11417,439,710
2020-04-13T04:00:00Z,11418,547,863
2020-04-13T04:00:00Z,11419,565,904
2020-04-13T04:00:00Z,11420,700,1106
2020-04-13T04:00:00Z,11421,619,930
2020-04-13T04:00:00Z,11422,567,933
2020-04-13T04:00:00Z,11423,512,800
2020-04-13T04:00:00Z,11426,301,537
2020-04-13T04:00:00Z,11427,456,757
2020-04-13T04:00:00Z,11428,364,562
2020-04-13T04:00:00Z,11429,548,790
2020-04-13T04:00:00Z,11432,872,1345
2020-04-13T04:00:00Z,11433,493,750
2020-04-13T04:00:00Z,11434,1099,1717
2020-04-13T04:00:00Z,11435,825,1357
2020-04-13T04:00:00Z,11436,280,429
2020-04-13T04:00:00Z,11691,1155,1715
2020-04-13T04:00:00Z,11692,310,493
2020-04-13T04:00:00Z,11693,205,347
2020-04-13T04:00:00Z,11694,371,641
2020-04-13T04:00:00Z,11697,63,132
2020-04-14T04:00:00Z,NA,2033,2219
2020-04-14T04:00:00Z,10001,231,480
2020-04-14T04:00:00Z,10002,578,1094
2020-04-14T04:00:00Z,10003,290,692
2020-04-14T04:00:00Z,10004,23,59
2020-04-14T04:00:00Z,10005,40,122
2020-04-14T04:00:00Z,10006,11,46
2020-04-14T04:00:00Z,10007,35,112
2020-04-14T04:00:00Z,10009,407,918
2020-04-14T04:00:00Z,10010,175,486
2020-04-14T04:00:00Z,10011,365,755
2020-04-14T04:00:00Z,10012,101,293
2020-04-14T04:00:00Z,10013,166,374
2020-04-14T04:00:00Z,10014,216,472
2020-04-14T04:00:00Z,10016,454,1044
2020-04-14T04:00:00Z,10017,95,273
2020-04-14T04:00:00Z,10018,159,339
2020-04-14T04:00:00Z,10019,350,787
2020-04-14T04:00:00Z,10021,400,1011
2020-04-14T04:00:00Z,10022,231,584
2020-04-14T04:00:00Z,10023,368,900
2020-04-14T04:00:00Z,10024,400,1035
2020-04-14T04:00:00Z,10025,685,1544
2020-04-14T04:00:00Z,10026,334,650
2020-04-14T04:00:00Z,10027,496,949
2020-04-14T04:00:00Z,10028,330,844
2020-04-14T04:00:00Z,10029,889,1654
2020-04-14T04:00:00Z,10030,289,467
2020-04-14T04:00:00Z,10031,660,1017
2020-04-14T04:00:00Z,10032,775,1262
2020-04-14T04:00:00Z,10033,671,1080
2020-04-14T04:00:00Z,10034,367,646
2020-04-14T04:00:00Z,10035,475,852
2020-04-14T04:00:00Z,10036,241,523
2020-04-14T04:00:00Z,10037,246,427
2020-04-14T04:00:00Z,10038,159,314
2020-04-14T04:00:00Z,10039,277,504
2020-04-14T04:00:00Z,10040,532,829
2020-04-14T04:00:00Z,10044,95,207
2020-04-14T04:00:00Z,10065,224,654
2020-04-14T04:00:00Z,10069,37,96
2020-04-14T04:00:00Z,10075,274,581
2020-04-14T04:00:00Z,10128,424,1075
2020-04-14T04:00:00Z,10280,30,87
2020-04-14T04:00:00Z,10282,50,99
2020-04-14T04:00:00Z,10301,660,1224
2020-04-14T04:00:00Z,10302,353,662
2020-04-14T04:00:00Z,10303,527,942
2020-04-14T04:00:00Z,10304,834,1623
2020-04-14T04:00:00Z,10305,746,1591
2020-04-14T04:00:00Z,10306,941,2098
2020-04-14T04:00:00Z,10307,255,541
2020-04-14T04:00:00Z,10308,450,1055
2020-04-14T04:00:00Z,10309,594,1345
2020-04-14T04:00:00Z,10310,413,876
2020-04-14T04:00:00Z,10312,1065,2225
2020-04-14T04:00:00Z,10314,1679,3460
2020-04-14T04:00:00Z,10451,855,1411
2020-04-14T04:00:00Z,10452,1156,1770
2020-04-14T04:00:00Z,10453,1234,1972
2020-04-14T04:00:00Z,10454,583,925
2020-04-14T04:00:00Z,10455,626,998
2020-04-14T04:00:00Z,10456,1250,2024
2020-04-14T04:00:00Z,10457,1069,1704
2020-04-14T04:00:00Z,10458,1060,1813
2020-04-14T04:00:00Z,10459,808,1296
2020-04-14T04:00:00Z,10460,847,1427
2020-04-14T04:00:00Z,10461,1083,2014
2020-04-14T04:00:00Z,10462,1284,2306
2020-04-14T04:00:00Z,10463,964,1965
2020-04-14T04:00:00Z,10464,79,203
2020-04-14T04:00:00Z,10465,927,1906
2020-04-14T04:00:00Z,10466,1361,2284
2020-04-14T04:00:00Z,10467,1918,3135
2020-04-14T04:00:00Z,10468,1343,2033
2020-04-14T04:00:00Z,10469,1670,2688
2020-04-14T04:00:00Z,10470,279,510
2020-04-14T04:00:00Z,10471,319,716
2020-04-14T04:00:00Z,10472,1014,1568
2020-04-14T04:00:00Z,10473,1143,1940
2020-04-14T04:00:00Z,10474,182,283
2020-04-14T04:00:00Z,10475,1021,1825
2020-04-14T04:00:00Z,11004,348,547
2020-04-14T04:00:00Z,11101,364,707
2020-04-14T04:00:00Z,11102,326,579
2020-04-14T04:00:00Z,11103,313,563
2020-04-14T04:00:00Z,11104,279,465
2020-04-14T04:00:00Z,11105,300,596
2020-04-14T04:00:00Z,11106,360,674
2020-04-14T04:00:00Z,11109,38,106
2020-04-14T04:00:00Z,11201,387,932
2020-04-14T04:00:00Z,11203,1085,1657
2020-04-14T04:00:00Z,11204,1163,1880
2020-04-14T04:00:00Z,11205,416,766
2020-04-14T04:00:00Z,11206,808,1391
2020-04-14T04:00:00Z,11207,1004,1626
2020-04-14T04:00:00Z,11208,1129,1723
2020-04-14T04:00:00Z,11209,648,1262
2020-04-14T04:00:00Z,11210,960,1516
2020-04-14T04:00:00Z,11211,1248,1975
2020-04-14T04:00:00Z,11212,915,1410
2020-04-14T04:00:00Z,11213,840,1373
2020-04-14T04:00:00Z,11214,829,1437
2020-04-14T04:00:00Z,11215,373,845
2020-04-14T04:00:00Z,11216,408,760
2020-04-14T04:00:00Z,11217,344,640
2020-04-14T04:00:00Z,11218,1015,1672
2020-04-14T04:00:00Z,11219,1725,2561
2020-04-14T04:00:00Z,11220,844,1328
2020-04-14T04:00:00Z,11221,683,1139
2020-04-14T04:00:00Z,11222,271,544
2020-04-14T04:00:00Z,11223,960,1692
2020-04-14T04:00:00Z,11224,528,881
2020-04-14T04:00:00Z,11225,686,1080
2020-04-14T04:00:00Z,11226,1089,1669
2020-04-14T04:00:00Z,11228,378,664
2020-04-14T04:00:00Z,11229,860,1514
2020-04-14T04:00:00Z,11230,1367,2198
2020-04-14T04:00:00Z,11231,254,524
2020-04-14T04:00:00Z,11232,299,434
2020-04-14T04:00:00Z,11233,648,1056
2020-04-14T04:00:00Z,11234,1260,2061
2020-04-14T04:00:00Z,11235,992,1746
2020-04-14T04:00:00Z,11236,1439,2176
2020-04-14T04:00:00Z,11237,481,715
2020-04-14T04:00:00Z,11238,466,810
2020-04-14T04:00:00Z,11239,275,440
2020-04-14T04:00:00Z,11354,503,821
2020-04-14T04:00:00Z,11355,639,1006
2020-04-14T04:00:00Z,11356,313,538
2020-04-14T04:00:00Z,11357,477,836
2020-04-14T04:00:00Z,11358,319,604
2020-04-14T04:00:00Z,11360,184,381
2020-04-14T04:00:00Z,11361,265,489
2020-04-14T04:00:00Z,11362,183,371
2020-04-14T04:00:00Z,11363,69,144
2020-04-14T04:00:00Z,11364,282,521
2020-04-14T04:00:00Z,11365,475,858
2020-04-14T04:00:00Z,11366,259,444
2020-04-14T04:00:00Z,11367,619,1069
2020-04-14T04:00:00Z,11368,2510,3198
2020-04-14T04:00:00Z,11369,929,1236
2020-04-14T04:00:00Z,11370,883,1416
2020-04-14T04:00:00Z,11372,1511,2049
2020-04-14T04:00:00Z,11373,1939,2720
2020-04-14T04:00:00Z,11374,710,1223
2020-04-14T04:00:00Z,11375,1003,1848
2020-04-14T04:00:00Z,11377,1214,1845
2020-04-14T04:00:00Z,11378,419,725
2020-04-14T04:00:00Z,11379,459,846
2020-04-14T04:00:00Z,11385,1139,1921
2020-04-14T04:00:00Z,11411,433,640
2020-04-14T04:00:00Z,11412,738,1157
2020-04-14T04:00:00Z,11413,800,1249
2020-04-14T04:00:00Z,11414,515,847
2020-04-14T04:00:00Z,11415,320,550
2020-04-14T04:00:00Z,11416,347,530
2020-04-14T04:00:00Z,11417,462,751
2020-04-14T04:00:00Z,11418,565,897
2020-04-14T04:00:00Z,11419,600,953
2020-04-14T04:00:00Z,11420,745,1168
2020-04-14T04:00:00Z,11421,655,980
2020-04-14T04:00:00Z,11422,583,965
2020-04-14T04:00:00Z,11423,536,836
2020-04-14T04:00:00Z,11426,316,558
2020-04-14T04:00:00Z,11427,475,787
2020-04-14T04:00:00Z,11428,382,597
2020-04-14T04:00:00Z,11429,575,830
2020-04-14T04:00:00Z,11432,909,1395
2020-04-14T04:00:00Z,11433,515,776
2020-04-14T04:00:00Z,11434,1154,1798
2020-04-14T04:00:00Z,11435,861,1412
2020-04-14T04:00:00Z,11436,292,450
2020-04-14T04:00:00Z,11691,1215,1792
2020-04-14T04:00:00Z,11692,332,521
2020-04-14T04:00:00Z,11693,220,369
2020-04-14T04:00:00Z,11694,384,662
2020-04-14T04:00:00Z,11697,65,135
2020-04-15T04:00:00Z,NA,1772,1964
2020-04-15T04:00:00Z,10001,238,502
2020-04-15T04:00:00Z,10002,645,1203
2020-04-15T04:00:00Z,10003,323,759
2020-04-15T04:00:00Z,10004,23,60
2020-04-15T04:00:00Z,10005,41,126
2020-04-15T04:00:00Z,10006,12,49
2020-04-15T04:00:00Z,10007,35,115
2020-04-15T04:00:00Z,10009,470,1041
2020-04-15T04:00:00Z,10010,188,506
2020-04-15T04:00:00Z,10011,375,787
2020-04-15T04:00:00Z,10012,109,307
2020-04-15T04:00:00Z,10013,167,385
2020-04-15T04:00:00Z,10014,223,485
2020-04-15T04:00:00Z,10016,470,1082
2020-04-15T04:00:00Z,10017,98,280
2020-04-15T04:00:00Z,10018,159,343
2020-04-15T04:00:00Z,10019,411,908
2020-04-15T04:00:00Z,10021,405,1033
2020-04-15T04:00:00Z,10022,236,608
2020-04-15T04:00:00Z,10023,406,989
2020-04-15T04:00:00Z,10024,436,1122
2020-04-15T04:00:00Z,10025,790,1761
2020-04-15T04:00:00Z,10026,391,750
2020-04-15T04:00:00Z,10027,599,1100
2020-04-15T04:00:00Z,10028,343,891
2020-04-15T04:00:00Z,10029,1037,1923
2020-04-15T04:00:00Z,10030,313,510
2020-04-15T04:00:00Z,10031,726,1116
2020-04-15T04:00:00Z,10032,820,1332
2020-04-15T04:00:00Z,10033,700,1119
2020-04-15T04:00:00Z,10034,383,676
2020-04-15T04:00:00Z,10035,555,967
2020-04-15T04:00:00Z,10036,270,579
2020-04-15T04:00:00Z,10037,267,456
2020-04-15T04:00:00Z,10038,160,321
2020-04-15T04:00:00Z,10039,298,537
2020-04-15T04:00:00Z,10040,555,864
2020-04-15T04:00:00Z,10044,100,216
2020-04-15T04:00:00Z,10065,230,667
2020-04-15T04:00:00Z,10069,38,100
2020-04-15T04:00:00Z,10075,287,604
2020-04-15T04:00:00Z,10128,453,1167
2020-04-15T04:00:00Z,10280,31,88
2020-04-15T04:00:00Z,10282,51,106
2020-04-15T04:00:00Z,10301,678,1256
2020-04-15T04:00:00Z,10302,360,680
2020-04-15T04:00:00Z,10303,533,959
2020-04-15T04:00:00Z,10304,851,1653
2020-04-15T04:00:00Z,10305,753,1619
2020-04-15T04:00:00Z,10306,954,2144
2020-04-15T04:00:00Z,10307,257,555
2020-04-15T04:00:00Z,10308,459,1074
2020-04-15T04:00:00Z,10309,617,1386
2020-04-15T04:00:00Z,10310,425,899
2020-04-15T04:00:00Z,10312,1082,2276
2020-04-15T04:00:00Z,10314,1717,3546
2020-04-15T04:00:00Z,10451,887,1467
2020-04-15T04:00:00Z,10452,1195,1826
2020-04-15T04:00:00Z,10453,1261,2013
2020-04-15T04:00:00Z,10454,616,971
2020-04-15T04:00:00Z,10455,652,1035
2020-04-15T04:00:00Z,10456,1295,2097
2020-04-15T04:00:00Z,10457,1092,1749
2020-04-15T04:00:00Z,10458,1083,1856
2020-04-15T04:00:00Z,10459,824,1326
2020-04-15T04:00:00Z,10460,875,1464
2020-04-15T04:00:00Z,10461,1107,2058
2020-04-15T04:00:00Z,10462,1308,2347
2020-04-15T04:00:00Z,10463,1021,2056
2020-04-15T04:00:00Z,10464,80,206
2020-04-15T04:00:00Z,10465,941,1944
2020-04-15T04:00:00Z,10466,1393,2339
2020-04-15T04:00:00Z,10467,1972,3222
2020-04-15T04:00:00Z,10468,1381,2083
2020-04-15T04:00:00Z,10469,1724,2772
2020-04-15T04:00:00Z,10470,284,518
2020-04-15T04:00:00Z,10471,326,735
2020-04-15T04:00:00Z,10472,1035,1606
2020-04-15T04:00:00Z,10473,1170,1982
2020-04-15T04:00:00Z,10474,187,292
2020-04-15T04:00:00Z,10475,1042,1859
2020-04-15T04:00:00Z,11004,353,558
2020-04-15T04:00:00Z,11101,374,735
2020-04-15T04:00:00Z,11102,336,596
2020-04-15T04:00:00Z,11103,321,577
2020-04-15T04:00:00Z,11104,285,478
2020-04-15T04:00:00Z,11105,309,614
2020-04-15T04:00:00Z,11106,366,690
2020-04-15T04:00:00Z,11109,40,112
2020-04-15T04:00:00Z,11201,402,980
2020-04-15T04:00:00Z,11203,1148,1743
2020-04-15T04:00:00Z,11204,1185,1918
2020-04-15T04:00:00Z,11205,423,783
2020-04-15T04:00:00Z,11206,837,1438
2020-04-15T04:00:00Z,11207,1056,1706
2020-04-15T04:00:00Z,11208,1173,1794
2020-04-15T04:00:00Z,11209,667,1301
2020-04-15T04:00:00Z,11210,1042,1638
2020-04-15T04:00:00Z,11211,1293,2055
2020-04-15T04:00:00Z,11212,948,1475
2020-04-15T04:00:00Z,11213,873,1421
2020-04-15T04:00:00Z,11214,859,1499
2020-04-15T04:00:00Z,11215,383,880
2020-04-15T04:00:00Z,11216,419,778
2020-04-15T04:00:00Z,11217,357,662
2020-04-15T04:00:00Z,11218,1043,1713
2020-04-15T04:00:00Z,11219,1833,2712
2020-04-15T04:00:00Z,11220,870,1360
2020-04-15T04:00:00Z,11221,698,1169
2020-04-15T04:00:00Z,11222,277,563
2020-04-15T04:00:00Z,11223,999,1765
2020-04-15T04:00:00Z,11224,551,923
2020-04-15T04:00:00Z,11225,711,1124
2020-04-15T04:00:00Z,11226,1148,1756
2020-04-15T04:00:00Z,11228,388,683
2020-04-15T04:00:00Z,11229,925,1609
2020-04-15T04:00:00Z,11230,1414,2270
2020-04-15T04:00:00Z,11231,258,533
2020-04-15T04:00:00Z,11232,303,440
2020-04-15T04:00:00Z,11233,666,1091
2020-04-15T04:00:00Z,11234,1417,2289
2020-04-15T04:00:00Z,11235,1056,1847
2020-04-15T04:00:00Z,11236,1558,2345
2020-04-15T04:00:00Z,11237,489,727
2020-04-15T04:00:00Z,11238,476,838
2020-04-15T04:00:00Z,11239,293,470
2020-04-15T04:00:00Z,11354,517,843
2020-04-15T04:00:00Z,11355,657,1035
2020-04-15T04:00:00Z,11356,323,549
2020-04-15T04:00:00Z,11357,484,856
2020-04-15T04:00:00Z,11358,324,615
2020-04-15T04:00:00Z,11360,190,395
2020-04-15T04:00:00Z,11361,271,507
2020-04-15T04:00:00Z,11362,186,380
2020-04-15T04:00:00Z,11363,72,148
2020-04-15T04:00:00Z,11364,288,541
2020-04-15T04:00:00Z,11365,492,887
2020-04-15T04:00:00Z,11366,266,463
2020-04-15T04:00:00Z,11367,636,1102
2020-04-15T04:00:00Z,11368,2563,3279
2020-04-15T04:00:00Z,11369,953,1275
2020-04-15T04:00:00Z,11370,896,1432
2020-04-15T04:00:00Z,11372,1545,2110
2020-04-15T04:00:00Z,11373,1978,2774
2020-04-15T04:00:00Z,11374,727,1264
2020-04-15T04:00:00Z,11375,1026,1894
2020-04-15T04:00:00Z,11377,1253,1900
2020-04-15T04:00:00Z,11378,426,743
2020-04-15T04:00:00Z,11379,476,876
2020-04-15T04:00:00Z,11385,1167,1976
2020-04-15T04:00:00Z,11411,443,660
2020-04-15T04:00:00Z,11412,759,1185
2020-04-15T04:00:00Z,11413,820,1281
2020-04-15T04:00:00Z,11414,537,878
2020-04-15T04:00:00Z,11415,322,559
2020-04-15T04:00:00Z,11416,359,552
2020-04-15T04:00:00Z,11417,469,767
2020-04-15T04:00:00Z,11418,578,919
2020-04-15T04:00:00Z,11419,611,973
2020-04-15T04:00:00Z,11420,759,1193
2020-04-15T04:00:00Z,11421,677,1011
2020-04-15T04:00:00Z,11422,606,1004
2020-04-15T04:00:00Z,11423,556,878
2020-04-15T04:00:00Z,11426,319,564
2020-04-15T04:00:00Z,11427,483,806
2020-04-15T04:00:00Z,11428,396,625
2020-04-15T04:00:00Z,11429,595,857
2020-04-15T04:00:00Z,11432,937,1445
2020-04-15T04:00:00Z,11433,529,803
2020-04-15T04:00:00Z,11434,1190,1859
2020-04-15T04:00:00Z,11435,884,1449
2020-04-15T04:00:00Z,11436,303,466
2020-04-15T04:00:00Z,11691,1302,1904
2020-04-15T04:00:00Z,11692,343,540
2020-04-15T04:00:00Z,11693,228,384
2020-04-15T04:00:00Z,11694,405,690
2020-04-15T04:00:00Z,11697,69,139
